state,county,pm25_days,hypertension,diabetes,lack_of_health_insurance,binge_drinking,routine_checkup,smoking,no_leisure_time_physical_activity,obesity,frequent_physical_distress
alabama,baldwin,228,32.4,10.2,9.6,18.2,76.8,14.7,23.8,36.8,12.1
alabama,clay,354,38.4,13.1,11.1,15.8,76.4,21.5,32.1,39.6,16.0
alabama,dekalb,124,37.2,13.8,15.3,15.2,75.7,22.5,34.1,38.9,17.6
alabama,elmore,0,35.9,11.4,9.3,16.6,78.5,15.8,25.6,36.4,12.7
alabama,etowah,278,36.8,12.6,12.2,15.8,77.3,18.8,29.9,41.3,14.9
alabama,jefferson,293,39.2,12.9,9.6,14.8,80.5,15.0,26.5,39.7,12.7
alabama,lawrence,93,37.7,13.1,12.2,16.7,76.4,20.5,30.1,40.7,15.9
alabama,madison,227,35.1,11.0,8.2,16.2,79.3,13.8,21.7,35.7,11.8
alabama,mobile,271,38.3,13.5,14.0,15.7,75.9,19.1,28.7,42.2,15.1
alabama,montgomery,255,41.7,15.7,11.0,12.9,79.5,18.1,29.6,44.6,14.4
alabama,morgan,238,37.4,12.9,12.8,16.2,76.1,17.5,29.6,38.7,14.2
alabama,russell,99,41.8,15.8,13.1,14.7,79.4,20.3,33.0,46.9,16.0
alabama,shelby,0,33.7,9.5,8.9,16.8,78.4,11.2,20.8,32.1,10.4
alabama,sumter,250,47.4,17.6,11.5,11.9,81.4,20.7,35.8,45.2,16.6
alabama,tuscaloosa,186,39.7,12.8,9.4,15.1,78.0,17.6,28.0,41.4,13.7
alaska,aleutians east,92,31.3,12.6,15.5,16.4,64.4,17.2,29.8,30.9,12.9
alaska,anchorage,250,27.0,7.9,9.4,19.1,67.8,13.6,19.9,29.6,11.1
alaska,denali,4,27.5,7.7,9.7,21.8,63.6,15.1,20.7,30.8,11.2
alaska,fairbanks north star,233,27.9,7.6,9.6,21.0,65.7,13.9,20.3,32.1,11.0
alaska,juneau,356,27.2,7.7,8.9,21.5,65.6,14.8,20.3,32.8,10.7
alaska,kenai peninsula,102,28.9,7.9,9.7,19.5,64.5,16.3,20.3,32.0,13.0
alaska,matanuska-susitna,322,30.0,8.6,10.9,18.3,65.6,19.5,26.0,31.4,14.7
alaska,north slope,102,33.1,10.7,10.6,21.8,63.9,22.3,24.5,40.7,14.4
arizona,apache,53,33.4,17.9,14.3,16.8,67.3,27.1,31.6,39.1,21.9
arizona,cochise,0,30.5,10.8,15.0,18.5,67.9,15.3,24.0,32.9,14.4
arizona,coconino,5,26.5,10.4,10.0,19.7,67.5,13.8,18.0,27.0,13.7
arizona,gila,1,27.3,11.7,12.6,19.6,68.8,18.5,24.5,34.4,16.7
arizona,la paz,5,30.1,12.9,20.4,18.2,67.7,18.6,29.2,35.9,17.1
arizona,maricopa,94,27.3,10.4,12.0,18.4,71.3,11.8,22.0,32.7,12.2
arizona,mohave,1,28.1,10.8,16.7,19.7,67.0,17.6,27.3,36.6,15.5
arizona,navajo,70,32.5,13.3,13.6,17.7,66.5,22.4,25.9,38.5,18.6
arizona,pima,107,27.9,10.3,13.4,17.6,69.2,14.0,24.6,32.8,13.3
arizona,pinal,43,28.7,11.8,17.1,18.9,71.3,15.1,25.2,38.9,14.9
arizona,santa cruz,278,27.2,14.6,26.7,17.9,68.5,13.6,27.8,32.4,15.9
arizona,yavapai,1,25.6,9.1,10.9,19.9,67.9,15.2,21.8,27.7,13.1
arizona,yuma,58,30.1,13.9,23.1,18.7,71.4,14.4,30.6,42.3,15.8
arkansas,arkansas,118,36.5,13.7,13.2,16.1,76.4,22.8,36.1,40.9,16.9
arkansas,ashley,121,39.3,14.5,12.0,15.7,77.2,21.2,36.2,42.1,16.9
arkansas,clark,0,37.9,14.3,9.4,15.7,78.0,21.5,33.4,40.4,17.0
arkansas,crittenden,66,42.9,15.8,11.3,14.3,79.4,22.6,35.7,41.5,17.1
arkansas,garland,118,33.8,11.5,8.8,18.6,76.9,17.1,28.0,37.8,14.4
arkansas,jackson,117,40.9,14.3,13.0,16.9,76.7,24.6,36.8,40.6,17.9
arkansas,newton,28,35.4,12.2,10.3,18.8,74.8,23.4,33.2,39.5,16.8
arkansas,polk,90,34.7,12.5,11.0,17.7,75.0,21.8,32.2,37.0,16.5
arkansas,pulaski,310,38.0,12.7,7.7,18.6,80.1,16.7,26.7,38.4,13.4
arkansas,union,121,37.7,13.5,10.9,16.5,77.9,18.2,31.3,41.2,14.7
arkansas,washington,67,33.5,11.9,12.6,19.3,73.1,17.2,28.4,33.5,15.1
california,alameda,40,25.7,9.2,6.5,18.6,69.8,10.1,18.8,19.4,10.6
california,amador,0,26.7,9.0,7.1,22.0,66.8,13.3,18.9,27.3,12.4
california,butte,115,28.8,9.8,8.0,20.2,69.3,14.2,22.5,31.5,13.9
california,calaveras,86,27.9,9.4,8.1,20.6,66.8,14.8,20.1,29.4,13.6
california,colusa,331,28.5,11.7,16.7,19.8,67.6,14.7,27.2,32.2,15.7
california,contra costa,337,24.9,9.6,6.7,19.6,68.3,10.5,18.6,28.4,11.5
california,del norte,288,30.5,11.2,10.8,20.0,65.4,19.2,26.5,33.8,17.0
california,el dorado,2,25.1,7.8,6.4,22.4,69.9,10.6,15.2,24.8,10.8
california,fresno,155,31.0,13.0,14.9,16.2,69.9,14.2,26.1,39.0,15.5
california,glenn,124,29.6,11.2,15.7,19.6,66.9,15.6,26.5,34.1,15.8
california,humboldt,199,29.4,9.6,6.6,20.2,67.1,17.3,21.7,33.1,15.0
california,imperial,98,29.9,15.1,19.0,18.0,69.2,14.0,32.3,38.5,17.6
california,inyo,130,26.5,9.3,8.8,21.5,68.6,13.8,19.7,29.9,12.9
california,kern,122,30.7,13.0,19.3,17.7,69.8,16.6,30.8,35.9,16.3
california,kings,146,30.6,13.0,14.9,18.8,67.6,16.3,29.8,31.9,16.5
california,lake,6,28.4,9.7,8.8,19.7,68.8,14.1,22.3,30.7,14.1
california,los angeles,158,26.9,11.4,11.0,18.2,71.0,10.6,22.6,26.2,12.6
california,madera,112,28.7,12.7,17.0,18.9,67.8,15.2,28.6,35.2,16.5
california,marin,90,21.6,7.3,6.4,23.2,69.2,7.5,12.8,23.5,9.3
california,mariposa,30,28.2,9.8,7.5,20.7,68.8,16.9,22.1,32.3,15.0
california,mendocino,265,28.0,9.8,9.8,19.8,68.6,14.5,21.6,29.4,14.3
california,merced,110,30.6,13.6,21.5,17.4,67.2,18.0,31.1,34.5,18.1
california,mono,210,26.1,8.9,8.4,21.6,67.9,12.6,19.1,29.1,12.4
california,monterey,163,27.7,11.1,14.8,17.6,68.1,13.9,25.5,32.8,14.7
california,nevada,231,26.7,8.9,7.4,22.4,66.2,15.8,21.3,29.9,13.6
california,orange,239,25.7,9.9,8.9,18.1,71.5,10.9,20.3,25.7,12.1
california,placer,103,25.1,8.6,5.9,21.0,68.3,11.5,16.5,25.8,11.5
california,plumas,366,26.7,8.5,7.9,21.7,69.1,13.3,19.3,29.1,12.5
california,riverside,117,26.9,10.5,11.6,19.6,69.4,11.5,23.9,34.0,13.3
california,sacramento,173,28.2,10.6,7.2,17.1,68.7,13.0,22.7,33.9,13.4
california,san benito,148,25.9,10.4,12.8,19.9,67.9,11.3,22.8,29.1,12.8
california,san bernardino,123,29.9,12.4,14.8,17.9,70.0,12.6,26.9,35.1,14.2
california,san diego,151,24.5,9.4,8.2,21.7,71.4,10.2,18.3,25.4,12.0
california,san francisco,0,23.8,9.2,5.7,22.8,69.8,8.8,16.4,17.7,9.5
california,san joaquin,215,28.3,11.6,11.5,17.1,67.8,12.5,24.0,33.8,13.7
california,san luis obispo,102,26.6,8.4,7.7,21.2,69.0,11.2,17.4,28.2,12.1
california,san mateo,50,24.3,8.9,6.2,18.6,68.2,8.8,17.2,21.4,10.1
california,santa barbara,198,25.7,10.0,11.8,20.4,70.0,9.5,20.5,31.6,12.2
california,santa clara,329,23.5,10.0,5.6,16.2,67.5,8.8,19.1,22.0,9.7
california,santa cruz,249,26.6,9.0,8.6,22.0,68.2,11.5,20.6,29.4,12.4
california,shasta,76,26.7,9.3,6.3,21.0,68.3,13.7,19.2,28.7,13.1
california,siskiyou,109,28.5,9.7,7.6,20.5,68.0,15.9,21.6,32.9,14.5
california,solano,22,27.6,11.0,8.8,18.1,68.9,13.2,21.8,32.8,12.6
california,sonoma,14,24.9,8.3,7.4,20.7,69.3,10.5,17.4,28.3,11.3
california,stanislaus,136,29.8,10.9,14.1,19.4,67.8,12.8,25.5,34.7,13.9
california,sutter,146,28.9,11.6,12.6,17.8,67.3,16.4,27.0,32.0,15.3
california,tehama,85,29.7,10.0,10.5,19.5,66.7,16.7,24.9,32.5,15.0
california,trinity,357,30.1,9.9,7.8,19.7,68.6,17.1,22.9,32.4,14.7
california,tulare,144,30.9,13.2,22.7,18.6,67.3,15.4,30.9,38.0,17.0
california,tuolumne,0,27.2,8.9,7.6,22.5,69.0,13.4,19.2,31.0,12.9
california,ventura,116,27.9,10.1,9.9,20.4,67.8,10.7,21.0,28.9,12.4
california,yolo,163,27.6,10.7,8.5,17.9,70.5,12.8,24.5,28.5,14.1
colorado,adams,73,25.5,9.8,16.1,17.7,64.9,14.8,23.3,34.0,12.9
colorado,alamosa,318,28.2,10.6,18.0,18.9,66.2,16.6,23.8,31.9,15.0
colorado,arapahoe,34,25.7,7.9,10.2,20.0,68.8,12.6,17.6,25.7,11.0
colorado,archuleta,0,24.4,7.6,12.2,20.3,67.1,11.1,16.4,24.9,11.2
colorado,boulder,126,23.3,6.3,8.5,21.1,67.3,10.3,12.5,18.6,10.3
colorado,chaffee,0,26.0,7.9,11.0,21.0,66.8,14.6,18.0,25.3,12.2
colorado,clear creek,0,22.3,6.7,6.7,21.9,67.2,11.8,14.8,25.7,10.1
colorado,denver,111,25.3,7.9,10.7,24.5,66.0,14.3,21.2,23.8,12.6
colorado,douglas,37,22.7,6.2,7.2,20.4,69.0,8.1,11.8,20.9,8.8
colorado,el paso,42,25.0,8.1,10.1,16.4,69.5,13.4,18.5,28.1,11.8
colorado,fremont,0,26.9,9.1,14.6,21.2,66.4,15.8,19.9,29.2,13.0
colorado,garfield,4,25.3,7.7,13.4,21.6,66.3,12.8,18.7,26.7,11.6
colorado,gilpin,0,23.0,7.2,7.3,22.1,66.9,12.0,14.9,25.2,10.7
colorado,grand,0,23.5,6.9,9.3,23.0,66.4,11.7,15.1,24.9,10.4
colorado,gunnison,0,24.4,6.5,8.1,22.2,67.3,9.3,13.2,23.7,9.5
colorado,jackson,13,26.5,9.2,12.1,19.9,66.6,16.5,21.3,28.4,14.6
colorado,jefferson,0,23.6,7.2,8.4,22.5,68.7,10.6,13.8,24.9,10.9
colorado,la plata,14,23.4,6.7,10.0,22.3,67.9,11.5,14.2,24.8,10.4
colorado,larimer,66,23.0,6.5,9.6,22.7,67.5,9.1,12.7,21.1,9.8
colorado,mesa,59,26.0,7.9,10.6,19.9,66.5,15.8,18.6,30.3,12.7
colorado,montezuma,0,26.8,8.9,10.3,20.2,66.8,16.6,21.1,30.2,13.9
colorado,park,0,24.7,7.0,8.7,21.7,66.3,13.8,15.8,25.3,11.0
colorado,pitkin,205,20.9,6.0,7.6,22.9,67.7,9.1,12.6,21.1,8.9
colorado,prowers,283,27.1,10.4,16.2,18.9,66.2,17.6,24.7,31.6,15.8
colorado,pueblo,47,27.6,10.0,15.6,19.4,69.4,14.6,22.8,31.4,13.3
colorado,rio blanco,14,26.2,8.0,10.2,20.1,66.1,16.9,19.7,27.9,13.0
colorado,routt,0,22.5,6.6,6.0,22.1,66.0,11.6,14.2,24.4,10.0
colorado,san juan,101,25.1,8.1,12.5,20.8,66.5,14.4,17.7,27.4,12.1
colorado,san miguel,0,24.5,7.0,8.2,21.2,67.2,11.5,15.3,24.7,10.6
colorado,weld,110,25.1,8.5,14.5,19.2,65.1,12.5,19.3,31.2,11.8
delaware,kent,141,32.8,11.1,10.0,16.2,76.8,15.2,25.1,39.3,11.7
delaware,new castle,147,31.5,11.6,10.2,16.9,75.6,14.2,22.4,37.6,11.0
delaware,sussex,106,31.1,9.9,12.3,18.1,77.5,15.5,22.7,38.6,11.4
district of columbia,district of columbia,157,29.8,8.7,6.2,23.3,73.3,11.4,15.2,25.1,8.9
georgia,bibb,319,39.7,14.2,16.1,13.3,79.0,18.1,32.1,48.5,15.4
georgia,charlton,99,41.9,13.7,20.5,15.6,74.3,21.4,31.8,42.2,15.8
georgia,chatham,289,35.5,11.6,13.2,15.6,78.5,13.6,22.7,36.1,11.8
georgia,chattooga,0,38.3,12.1,23.9,15.8,73.1,21.0,32.2,39.0,16.4
georgia,clarke,258,37.9,13.1,15.5,15.0,76.5,15.0,26.6,37.0,14.4
georgia,clayton,222,41.2,14.9,20.4,12.1,77.4,17.9,34.3,45.4,14.9
georgia,cobb,288,32.2,9.2,12.6,17.7,75.2,9.7,16.7,28.9,9.6
georgia,coffee,356,41.7,13.7,22.6,15.5,75.1,20.6,33.5,41.4,16.3
georgia,columbia,0,33.1,10.9,12.7,16.4,76.3,15.0,23.7,36.0,12.4
georgia,dawson,0,32.4,9.0,13.2,18.9,73.5,12.2,20.8,34.7,11.0
georgia,dekalb,267,36.2,12.0,12.5,15.4,75.6,13.0,21.3,33.5,11.9
georgia,dougherty,366,45.8,15.7,18.4,12.0,80.4,18.8,31.5,44.4,15.9
georgia,douglas,0,37.2,12.8,15.3,13.5,77.1,14.8,26.7,42.8,12.7
georgia,floyd,361,37.0,12.2,18.9,15.6,74.7,18.6,29.9,40.1,15.4
georgia,fulton,264,33.8,10.1,12.1,17.0,74.3,10.7,20.0,30.0,10.2
georgia,glynn,241,37.6,11.1,12.8,16.6,75.8,13.9,24.4,35.9,12.4
georgia,gwinnett,308,32.1,12.0,18.0,15.3,74.9,11.8,23.1,33.3,11.9
georgia,hall,366,32.7,11.6,19.4,17.1,72.2,17.1,28.3,35.0,14.6
georgia,henry,236,38.3,11.9,12.9,14.0,77.3,13.0,23.8,39.3,11.3
georgia,houston,362,35.9,10.9,12.4,15.4,76.9,14.2,26.5,39.3,12.1
georgia,lowndes,342,39.5,12.9,17.9,14.8,76.7,18.1,28.9,39.5,14.6
georgia,murray,30,34.4,11.4,19.3,17.3,73.1,18.4,30.6,38.0,15.2
georgia,muscogee,302,39.5,14.6,13.8,14.3,78.6,17.0,30.7,41.7,14.6
georgia,pike,0,34.0,9.6,12.9,17.7,73.9,14.4,23.7,34.2,12.3
georgia,richmond,299,42.3,14.7,18.4,14.2,78.4,18.5,30.2,44.4,14.8
georgia,rockdale,0,40.6,13.4,14.3,13.6,78.9,15.4,28.6,44.9,13.2
georgia,sumter,0,41.3,14.7,16.9,14.3,77.5,19.0,31.9,44.0,15.6
georgia,walker,363,34.9,11.1,13.7,16.3,71.7,20.3,31.8,41.8,15.0
georgia,washington,361,43.6,14.2,16.6,14.1,76.4,19.8,31.9,43.0,15.4
hawaii,hawaii,366,25.5,9.2,6.1,21.7,70.2,13.8,19.3,26.0,11.5
hawaii,honolulu,160,26.0,11.4,4.5,20.5,73.9,11.9,22.2,26.2,10.1
hawaii,maui,364,22.4,10.0,5.6,20.0,68.1,13.4,20.4,24.1,11.5
idaho,ada,114,25.9,7.7,7.2,17.8,75.1,11.5,17.6,28.7,11.0
idaho,bannock,185,31.0,9.6,9.8,15.9,72.3,13.9,22.4,36.8,13.6
idaho,benewah,365,30.7,9.7,9.9,17.5,70.0,17.2,24.7,34.0,14.9
idaho,blaine,359,24.8,7.9,7.9,18.1,71.2,9.6,18.1,25.5,10.5
idaho,boise,366,28.5,8.5,10.2,18.3,70.2,13.6,21.9,31.2,11.9
idaho,bonner,338,29.2,8.4,9.6,19.1,69.2,14.5,21.3,26.7,13.3
idaho,bonneville,364,31.0,9.3,8.1,13.5,72.1,12.8,22.6,35.2,12.9
idaho,butte,10,32.2,10.6,11.5,16.1,71.7,16.8,26.3,35.7,15.5
idaho,canyon,346,31.7,10.1,11.8,17.0,71.0,15.2,25.9,37.7,14.3
idaho,custer,90,30.7,8.7,9.8,17.6,69.8,13.5,21.5,32.8,12.4
idaho,franklin,358,29.4,9.2,10.0,16.6,68.2,17.5,24.3,33.1,13.8
idaho,idaho,239,29.0,9.5,8.5,18.5,68.9,17.7,27.6,32.6,14.7
idaho,kootenai,355,26.8,8.1,7.3,18.8,70.4,13.3,20.2,34.3,12.4
idaho,latah,366,27.8,8.7,7.8,18.4,73.1,11.2,16.9,29.1,11.6
idaho,lemhi,366,27.7,8.8,8.3,17.4,70.9,15.2,22.6,32.9,13.6
idaho,nez perce,366,30.8,9.4,11.0,18.4,74.8,13.7,22.0,35.5,12.6
idaho,shoshone,362,31.3,11.2,11.8,16.6,70.5,20.2,30.1,34.8,17.4
idaho,twin falls,347,29.7,9.2,11.9,15.8,72.7,13.4,24.1,36.5,13.3
idaho,valley,357,28.8,9.5,9.4,17.1,71.7,14.6,23.0,33.5,13.8
illinois,adams,0,30.3,9.7,10.3,20.9,73.9,17.8,22.5,39.5,12.7
illinois,champaign,172,31.1,10.5,8.5,17.7,74.4,16.0,23.9,35.5,12.4
illinois,clark,0,29.8,9.1,9.7,21.4,74.0,14.8,20.6,35.0,11.7
illinois,cook,208,28.6,10.8,14.7,20.8,74.3,12.0,20.9,32.8,11.4
illinois,dupage,232,24.5,9.3,8.9,20.5,77.1,9.7,17.9,29.4,9.7
illinois,effingham,0,31.4,8.9,9.6,21.7,74.1,14.2,19.9,35.5,11.2
illinois,hamilton,251,31.2,10.3,9.7,20.7,73.5,18.2,23.9,37.8,13.9
illinois,jersey,166,28.8,9.4,8.3,21.9,72.6,17.6,22.5,37.8,12.6
illinois,jo daviess,0,29.9,9.0,9.0,21.9,74.1,14.2,19.7,34.2,11.2
illinois,kane,125,29.4,10.0,14.3,19.1,73.6,12.1,21.0,37.3,11.0
illinois,lake,0,26.9,10.6,10.4,19.0,74.4,13.1,21.3,31.9,11.5
illinois,macon,233,32.1,10.5,9.6,19.4,74.5,18.3,25.6,37.1,13.1
illinois,macoupin,0,30.1,10.1,10.7,21.2,73.8,18.3,24.0,38.1,13.5
illinois,madison,225,30.9,9.3,9.4,20.8,74.4,14.7,20.7,35.8,11.5
illinois,mchenry,217,28.0,9.1,8.8,20.8,73.9,13.4,20.1,34.2,11.2
illinois,mclean,185,30.4,10.0,8.2,20.5,74.8,14.3,21.7,35.4,11.8
illinois,peoria,181,31.0,10.5,8.9,18.9,75.9,16.5,24.6,35.6,12.7
illinois,randolph,200,32.1,10.5,10.6,20.7,73.9,18.4,24.5,37.7,13.4
illinois,rock island,191,31.2,10.6,12.3,20.3,76.2,14.1,22.5,37.4,12.1
illinois,sangamon,221,29.9,9.7,8.9,19.7,75.2,16.2,22.7,38.3,12.2
illinois,will,233,29.8,9.9,12.3,20.3,74.7,12.5,20.7,36.6,10.7
illinois,winnebago,204,32.4,11.5,13.3,18.9,72.9,18.6,27.6,38.5,14.8
indiana,allen,171,32.6,11.6,8.9,17.1,76.1,18.8,26.9,38.3,13.0
indiana,bartholomew,151,30.7,10.3,10.4,16.4,76.7,15.8,24.9,34.0,12.2
indiana,boone,0,27.2,9.2,7.1,17.8,75.7,16.4,22.9,35.5,10.8
indiana,brown,0,30.7,9.8,8.9,18.4,75.4,17.4,25.1,36.9,12.1
indiana,carroll,0,31.2,10.3,8.8,17.9,75.9,19.6,27.0,38.8,12.8
indiana,clark,227,31.5,10.5,8.6,17.6,75.1,19.1,27.9,41.2,12.9
indiana,delaware,186,34.9,11.9,7.9,17.0,77.3,22.5,28.8,39.8,15.1
indiana,dubois,365,31.0,10.3,10.5,17.4,76.0,19.3,26.8,38.4,12.5
indiana,elkhart,203,31.8,11.8,12.8,17.2,74.6,19.6,30.7,42.5,14.0
indiana,floyd,150,32.0,10.6,8.6,17.9,76.6,17.7,25.6,36.4,13.1
indiana,greene,170,33.1,11.3,10.0,17.6,75.3,22.9,30.4,40.5,14.5
indiana,hamilton,195,27.4,8.2,5.3,18.0,78.2,10.0,16.9,27.9,8.4
indiana,hendricks,0,30.1,10.3,8.3,16.9,76.6,15.1,23.9,38.9,10.9
indiana,henry,361,33.2,11.8,9.3,18.1,75.2,22.6,30.3,44.4,14.3
indiana,howard,170,33.1,10.9,10.3,16.4,76.2,20.3,28.4,41.9,13.6
indiana,knox,0,32.6,10.8,8.9,17.6,76.8,18.4,26.1,38.2,13.1
indiana,laporte,116,32.4,11.7,10.8,17.2,77.0,19.9,28.9,39.7,13.7
indiana,lake,241,33.3,11.7,11.1,16.5,79.5,16.9,28.9,38.1,12.7
indiana,madison,160,34.9,11.4,9.9,15.8,75.0,22.7,29.3,39.6,13.9
indiana,marion,272,34.0,13.0,10.3,17.8,77.2,17.6,28.7,39.3,13.8
indiana,monroe,359,31.1,10.1,7.4,17.4,75.3,15.6,23.6,37.6,12.0
indiana,perry,0,32.3,10.6,8.8,18.0,75.1,19.3,27.0,40.6,12.8
indiana,porter,157,30.8,9.7,8.7,17.7,75.6,16.6,25.4,37.0,12.0
indiana,posey,0,31.2,9.2,6.1,19.1,76.8,15.4,22.3,36.4,11.3
indiana,shelby,0,31.5,11.0,10.5,17.2,75.1,20.9,28.8,39.7,14.0
indiana,spencer,169,30.7,9.7,8.4,18.2,75.7,18.0,25.5,35.7,11.9
indiana,st. joseph,166,32.5,11.3,9.3,16.5,77.7,16.7,27.8,37.8,12.5
indiana,tippecanoe,345,31.5,11.7,8.2,17.5,76.9,17.5,26.6,35.1,12.9
indiana,vanderburgh,206,32.1,10.5,8.8,18.2,77.8,16.9,27.5,39.3,12.5
indiana,vigo,229,32.1,11.9,8.9,16.1,75.6,21.2,28.9,41.0,14.0
indiana,wabash,0,32.6,10.4,8.1,17.9,75.5,19.0,26.9,36.9,12.7
indiana,warrick,0,29.5,9.3,8.7,18.2,77.2,14.3,21.1,39.8,10.4
indiana,whitley,366,30.7,9.6,6.3,18.0,75.3,18.2,25.9,34.6,12.1
iowa,black hawk,365,29.3,10.6,7.9,22.3,75.2,20.0,27.2,39.1,12.1
iowa,bremer,0,26.7,9.3,6.0,24.1,75.7,16.2,23.4,39.5,10.7
iowa,clinton,225,28.6,9.5,6.6,23.9,76.1,18.0,26.6,40.9,11.8
iowa,harrison,0,28.6,10.2,6.0,24.0,73.7,20.5,28.2,40.1,12.6
iowa,johnson,366,25.6,9.5,7.7,24.7,77.8,12.8,19.6,30.9,9.5
iowa,linn,238,29.0,10.1,5.9,22.9,78.3,14.1,22.9,37.3,10.2
iowa,montgomery,210,29.1,10.4,7.9,22.6,74.7,19.2,27.7,39.8,12.5
iowa,muscatine,366,27.4,10.4,10.5,25.3,76.3,16.5,25.4,37.8,11.4
iowa,palo alto,212,30.1,9.6,7.2,25.1,75.0,16.1,24.2,41.6,10.9
iowa,polk,217,28.3,10.0,7.5,22.7,73.7,17.7,24.2,38.9,11.5
iowa,pottawattamie,117,28.8,10.6,7.6,24.1,75.2,18.4,26.0,42.6,12.1
iowa,scott,156,29.3,9.6,5.7,22.8,77.8,14.3,24.0,39.2,11.1
iowa,van buren,266,29.0,10.5,8.3,22.9,74.5,20.0,28.4,41.0,12.5
iowa,woodbury,74,29.9,11.4,10.1,24.0,76.6,17.5,29.6,38.5,12.5
kansas,chase,102,32.1,10.6,12.8,18.8,74.7,16.5,25.3,38.8,11.8
kansas,ford,214,35.2,13.9,25.0,16.7,72.0,17.7,33.7,38.7,14.1
kansas,johnson,176,27.5,7.9,7.7,19.1,75.3,9.6,16.9,31.6,7.9
kansas,leavenworth,0,32.6,9.9,9.6,19.4,75.2,14.9,22.1,40.1,10.3
kansas,neosho,169,32.2,11.1,12.0,18.8,73.9,19.1,27.2,42.8,12.4
kansas,sedgwick,62,33.0,10.8,11.9,17.2,74.1,17.3,23.8,33.5,11.5
kansas,shawnee,173,32.8,11.1,11.6,17.9,77.1,16.4,23.1,40.0,10.8
kansas,sherman,233,30.7,11.3,13.2,18.2,73.4,18.6,27.6,40.5,13.0
kansas,sumner,179,31.8,10.5,9.9,17.7,73.0,19.0,27.7,39.8,12.6
kansas,trego,87,30.0,9.5,8.1,20.3,74.1,16.2,22.1,36.2,10.7
kansas,wyandotte,186,37.4,15.1,18.6,15.6,75.4,19.4,35.3,41.5,14.0
kentucky,bell,243,40.8,14.3,10.5,14.1,76.9,25.4,31.5,44.2,18.8
kentucky,boone,0,32.0,10.6,6.2,17.8,76.5,17.3,21.9,38.5,12.7
kentucky,boyd,185,35.4,12.0,9.1,14.9,76.7,19.7,28.5,40.8,14.6
kentucky,bullitt,0,32.8,11.0,6.8,15.8,75.8,19.6,24.8,38.1,14.1
kentucky,campbell,192,33.2,10.3,6.5,17.5,78.6,14.9,20.5,35.5,11.9
kentucky,carter,183,37.9,12.8,8.2,14.6,77.6,21.5,28.2,42.9,16.0
kentucky,christian,211,40.0,13.9,9.4,13.9,77.5,21.3,29.6,41.8,16.0
kentucky,daviess,40,33.9,11.4,7.1,14.7,78.5,19.2,24.2,35.6,14.3
kentucky,edmonson,21,36.3,12.3,8.9,14.6,76.0,23.2,29.8,42.7,16.0
kentucky,fayette,139,35.4,11.5,6.2,15.6,77.5,16.4,22.9,34.9,13.0
kentucky,greenup,0,34.0,11.7,6.1,16.3,76.7,19.9,26.6,43.8,15.1
kentucky,hancock,0,33.5,11.2,6.3,15.6,76.4,18.9,24.9,38.4,14.1
kentucky,hardin,83,34.9,12.1,7.5,14.5,78.0,17.4,24.9,38.9,13.6
kentucky,jefferson,198,34.1,12.0,6.1,15.8,77.6,17.0,24.2,37.2,13.0
kentucky,jessamine,0,33.5,10.5,7.0,15.3,77.7,14.8,21.6,36.7,12.2
kentucky,livingston,0,35.8,11.5,7.4,15.1,76.7,19.4,24.9,41.1,14.2
kentucky,mccracken,215,36.8,12.3,5.4,14.5,78.7,19.7,26.8,41.6,15.0
kentucky,morgan,0,39.1,13.0,9.0,14.1,74.7,24.1,31.2,38.7,17.4
kentucky,oldham,0,31.2,9.0,4.7,16.9,77.1,12.6,18.4,34.2,10.2
kentucky,perry,205,39.8,12.8,7.4,14.0,76.4,22.4,29.2,41.0,17.1
kentucky,pike,172,39.6,12.9,9.4,13.9,75.9,25.5,32.7,41.2,17.6
kentucky,pulaski,218,36.0,12.9,9.4,14.5,75.9,23.4,29.5,39.3,16.9
kentucky,simpson,0,35.2,11.6,6.9,15.4,76.4,19.0,25.7,41.0,14.0
kentucky,warren,212,33.8,12.1,6.7,14.7,76.9,15.3,23.7,36.3,13.1
kentucky,washington,0,36.5,11.8,9.2,15.5,76.9,17.9,25.6,37.4,13.9
louisiana,ascension,0,33.9,11.2,7.2,21.6,78.2,16.4,24.6,36.8,12.3
louisiana,bossier,204,34.2,12.0,9.4,18.6,78.2,18.2,28.2,44.7,13.6
louisiana,caddo,94,39.9,14.9,9.5,16.2,79.6,20.5,30.4,45.9,15.2
louisiana,calcasieu,241,37.7,13.4,11.5,18.7,79.4,18.8,28.9,43.0,14.1
louisiana,east baton rouge,247,36.1,12.7,9.0,19.6,80.7,16.6,27.4,37.9,13.3
louisiana,iberville,61,40.8,14.1,11.5,18.1,79.7,22.1,33.3,45.7,15.3
louisiana,jefferson,197,35.4,12.7,10.4,19.6,77.9,17.3,29.1,39.7,14.1
louisiana,lafayette,264,36.7,12.0,7.5,20.1,79.0,17.5,26.4,34.7,13.6
louisiana,lafourche,288,38.8,12.7,11.4,19.6,77.5,21.9,31.2,42.7,15.9
louisiana,livingston,201,33.2,11.0,7.5,20.2,77.8,18.1,28.1,37.2,13.4
louisiana,orleans,335,36.7,13.6,8.0,19.8,80.0,17.5,26.6,38.1,13.6
louisiana,ouachita,130,36.6,13.0,8.8,17.3,79.8,18.9,29.3,42.1,14.6
louisiana,pointe coupee,0,38.5,13.6,11.5,18.9,79.1,22.2,33.0,42.3,15.9
louisiana,rapides,121,38.3,13.7,8.2,18.7,81.0,20.4,29.8,42.0,14.9
louisiana,st. bernard,177,37.5,14.1,12.3,17.9,78.3,22.4,33.3,44.1,16.7
louisiana,st. james,0,39.8,13.5,10.0,18.4,79.9,19.3,29.4,43.9,14.0
louisiana,st. john the baptist,0,41.6,14.8,10.7,16.4,80.3,19.9,32.0,43.8,14.9
louisiana,st. martin,0,38.1,13.1,10.3,19.6,78.7,21.2,30.6,40.9,15.0
louisiana,st. tammany,121,32.9,11.0,8.1,20.1,80.0,16.0,26.2,35.1,13.5
louisiana,tangipahoa,127,38.9,13.0,11.6,18.0,79.6,19.2,28.2,42.3,14.6
louisiana,terrebonne,123,38.5,12.1,9.6,19.3,77.2,19.0,29.8,40.5,14.6
louisiana,west baton rouge,263,37.0,13.1,9.2,18.7,79.4,19.8,30.3,40.6,14.1
maine,androscoggin,190,28.0,9.4,7.4,17.8,79.4,16.4,22.3,36.4,11.7
maine,aroostook,189,31.5,10.0,9.4,17.0,78.9,18.9,26.6,41.7,13.5
maine,cumberland,139,25.9,7.4,8.1,19.3,76.9,12.5,18.1,29.4,10.0
maine,hancock,19,25.7,7.5,6.8,19.1,77.2,13.6,18.5,28.3,10.5
maine,kennebec,227,28.4,8.6,8.1,18.4,78.6,16.3,22.4,33.6,12.5
maine,knox,0,25.5,7.3,7.4,19.3,77.7,12.8,17.0,27.9,10.3
maine,oxford,178,29.5,9.1,8.5,18.5,76.2,20.2,26.6,36.7,13.1
maine,penobscot,150,29.9,8.8,9.3,16.5,80.7,17.7,23.3,38.8,12.8
maine,sagadahoc,0,28.4,8.0,5.0,19.4,77.9,15.5,19.5,30.7,11.2
maine,washington,91,31.4,9.4,12.1,19.5,77.7,18.6,26.8,37.7,13.5
maine,york,0,27.4,7.8,5.1,21.0,76.8,13.0,20.1,29.5,10.8
maryland,anne arundel,0,30.1,8.8,8.3,19.1,74.6,11.1,19.7,34.7,9.7
maryland,baltimore,142,35.2,13.8,10.4,17.2,78.4,16.6,27.2,38.5,13.3
maryland,calvert,0,31.4,9.2,8.2,18.2,75.5,10.7,18.1,33.9,9.6
maryland,carroll,0,28.7,8.5,7.0,19.5,74.1,11.9,20.2,31.5,10.4
maryland,cecil,206,32.8,10.7,10.1,16.9,75.1,15.5,23.9,37.6,11.8
maryland,charles,0,38.2,11.7,8.5,15.4,78.1,13.4,23.6,42.9,11.2
maryland,dorchester,82,33.6,12.0,11.2,14.4,78.1,17.5,28.3,41.8,13.8
maryland,frederick,0,27.8,9.9,7.0,17.2,73.2,11.1,19.5,31.2,10.7
maryland,garrett,47,33.3,10.4,8.0,17.7,75.5,17.3,25.5,37.3,12.6
maryland,harford,139,30.9,9.1,6.4,18.0,73.8,10.9,20.6,34.8,9.6
maryland,howard,253,27.9,8.8,6.4,14.7,74.6,8.1,17.9,26.9,8.2
maryland,kent,135,31.9,9.5,9.2,19.0,76.9,12.1,21.0,38.9,11.0
maryland,montgomery,165,26.8,9.1,7.6,13.9,73.6,8.6,16.2,24.2,8.5
maryland,prince george's,65,37.3,13.0,10.7,11.8,76.0,10.5,23.7,36.0,10.1
maryland,washington,133,35.1,11.1,9.6,16.9,75.1,16.2,26.6,42.3,12.9
massachusetts,barnstable,10,25.6,7.2,4.4,22.3,78.6,10.9,17.7,26.5,10.0
massachusetts,berkshire,122,27.6,8.1,4.1,21.7,78.4,13.1,22.8,28.9,11.9
massachusetts,bristol,54,28.3,9.6,4.6,21.6,82.3,14.6,23.8,33.0,12.8
massachusetts,dukes,13,23.5,8.0,3.6,21.6,77.3,11.0,18.6,28.6,10.5
massachusetts,essex,101,27.0,8.5,5.8,19.3,79.1,12.0,20.4,30.8,11.5
massachusetts,franklin,148,24.0,7.2,3.6,19.2,76.1,10.5,16.5,25.8,10.0
massachusetts,hampden,127,30.5,11.2,6.5,19.0,76.9,17.3,31.1,35.9,14.5
massachusetts,hampshire,91,24.0,8.3,3.5,20.4,77.5,12.6,20.2,27.7,11.5
massachusetts,middlesex,93,24.6,7.1,2.5,18.6,76.3,8.5,15.6,22.1,8.9
massachusetts,norfolk,61,24.4,7.8,2.7,20.6,78.1,10.4,18.3,27.0,9.8
massachusetts,plymouth,92,24.5,8.0,3.7,21.2,78.0,13.1,19.8,30.2,11.7
massachusetts,suffolk,199,27.9,10.2,5.8,19.1,76.6,12.5,24.7,28.0,11.8
massachusetts,worcester,85,26.8,9.3,4.9,19.4,79.5,13.8,22.5,32.7,11.9
michigan,allegan,204,30.9,9.1,8.2,20.6,75.3,16.6,23.2,31.6,12.1
michigan,bay,363,32.6,8.8,8.9,20.4,76.6,14.7,20.1,37.2,11.1
michigan,benzie,0,30.0,8.9,4.7,21.4,75.1,15.9,21.3,35.0,11.7
michigan,berrien,0,31.9,9.9,7.5,18.4,77.3,17.1,24.9,40.0,12.7
michigan,cass,0,32.2,9.4,8.1,20.1,75.6,18.0,23.3,35.1,12.4
michigan,clinton,0,29.4,7.9,6.4,21.4,76.9,12.6,18.2,35.9,10.0
michigan,genesee,182,35.5,10.4,7.6,18.0,77.0,16.0,23.9,39.1,12.1
michigan,huron,0,30.7,9.4,8.5,20.2,75.2,20.3,24.9,38.8,13.0
michigan,ingham,169,32.5,9.2,7.7,17.8,76.3,14.5,20.2,34.0,11.2
michigan,kalamazoo,230,29.5,9.1,6.5,18.3,75.1,15.6,22.9,35.7,12.0
michigan,kent,250,29.2,9.6,6.0,20.8,75.6,15.6,22.5,33.5,11.7
michigan,keweenaw,101,28.6,8.0,4.0,21.1,75.4,14.5,18.8,34.3,10.6
michigan,lenawee,194,32.3,9.4,7.1,19.0,75.3,16.7,24.8,42.4,12.0
michigan,macomb,188,32.2,9.7,7.6,19.6,76.1,19.1,26.2,36.7,12.7
michigan,manistee,29,30.8,8.9,8.2,19.8,74.5,17.4,22.9,38.0,11.9
michigan,marquette,224,30.8,8.9,5.2,20.3,76.6,15.9,21.4,32.0,11.7
michigan,mason,0,32.8,9.3,6.7,20.0,75.7,18.0,22.0,39.4,12.3
michigan,missaukee,99,31.4,9.7,8.8,19.8,74.7,20.5,25.9,38.3,13.6
michigan,monroe,0,32.0,9.8,7.3,19.8,75.3,18.3,24.3,38.0,12.5
michigan,muskegon,0,32.1,11.2,6.8,18.8,75.7,20.4,26.1,43.0,13.8
michigan,oakland,130,27.9,7.9,4.4,18.9,76.5,12.3,18.9,29.7,9.7
michigan,ottawa,167,27.6,8.1,5.7,19.8,77.4,14.8,20.1,35.9,10.3
michigan,schoolcraft,181,32.6,10.8,8.4,19.5,75.3,21.7,26.8,37.5,15.3
michigan,st. clair,204,31.2,9.6,6.9,21.7,76.1,16.0,23.5,40.8,12.7
michigan,tuscola,0,32.2,10.3,7.9,20.6,75.2,20.7,26.1,39.4,14.0
michigan,washtenaw,154,25.4,8.5,4.9,19.1,71.8,12.1,17.3,30.1,10.1
michigan,wayne,270,36.6,11.6,8.1,17.7,77.9,18.8,24.6,36.7,13.6
michigan,wexford,0,30.9,9.6,6.6,19.8,74.9,19.3,23.4,38.2,13.1
minnesota,anoka,159,27.5,8.6,7.0,21.6,71.0,11.6,19.0,35.9,10.1
minnesota,becker,202,28.8,8.9,6.8,22.5,70.0,15.5,20.3,39.3,10.7
minnesota,beltrami,196,29.1,10.4,7.1,20.7,69.3,17.7,20.3,41.1,12.5
minnesota,blue earth,113,27.8,9.9,6.0,21.8,67.6,18.5,24.7,42.1,13.1
minnesota,carlton,197,30.3,9.1,5.9,23.7,71.1,15.8,18.6,41.2,11.3
minnesota,cass,362,28.9,9.8,7.9,21.0,67.4,18.2,24.3,38.1,12.4
minnesota,cook,361,27.4,8.4,4.5,22.8,70.9,12.3,17.6,34.8,9.8
minnesota,crow wing,186,28.6,8.9,5.7,24.6,69.1,17.0,20.6,38.6,11.1
minnesota,dakota,337,25.4,8.9,6.4,19.5,72.8,11.3,17.6,32.9,9.3
minnesota,goodhue,0,28.6,8.3,6.6,23.1,68.5,14.6,18.6,36.4,10.2
minnesota,hennepin,242,25.2,7.9,5.5,22.3,71.0,12.1,16.7,27.4,9.5
minnesota,lake,188,27.7,8.7,5.7,24.5,70.6,14.9,19.7,34.7,10.8
minnesota,lyon,197,29.6,9.4,6.9,23.0,70.4,15.4,21.4,45.5,11.0
minnesota,mille lacs,0,28.7,9.9,8.1,23.0,67.4,19.8,24.0,42.6,12.6
minnesota,olmsted,244,26.1,8.7,6.3,21.1,67.2,12.6,17.9,35.4,9.3
minnesota,ramsey,337,27.8,9.8,7.0,18.3,68.9,15.8,23.0,32.6,11.7
minnesota,scott,218,25.9,8.4,5.0,23.8,70.0,14.0,19.9,33.6,10.0
minnesota,stearns,212,29.9,9.6,6.1,23.1,71.9,15.4,20.1,38.4,11.8
minnesota,washington,0,24.9,7.1,5.6,22.2,71.3,9.1,14.6,30.9,7.7
minnesota,winona,102,28.5,8.9,6.3,23.0,68.9,16.4,21.3,34.8,11.2
minnesota,wright,204,24.5,8.5,5.4,23.7,68.3,14.0,18.4,37.2,10.0
mississippi,bolivar,269,47.6,15.5,14.9,13.0,81.3,16.9,32.1,45.6,13.9
mississippi,desoto,264,39.2,11.3,11.7,16.1,78.2,14.8,27.9,39.6,11.8
mississippi,forrest,362,40.4,13.6,12.1,14.4,77.4,16.9,30.4,43.9,13.4
mississippi,hancock,247,37.1,11.2,10.6,17.6,73.5,19.8,31.1,36.3,13.9
mississippi,harrison,221,39.6,12.3,12.9,15.8,78.0,18.2,28.4,34.7,13.5
mississippi,hinds,232,43.4,16.1,15.2,13.4,80.9,20.7,35.8,47.0,14.8
mississippi,jackson,239,38.4,11.4,12.6,17.0,75.1,17.0,26.5,38.4,12.6
mississippi,lauderdale,0,43.1,14.3,14.8,15.2,79.1,20.5,32.3,39.3,15.2
mississippi,lee,0,38.4,12.5,12.9,16.8,76.8,18.1,32.5,40.6,13.4
mississippi,yalobusha,0,42.8,14.4,16.1,14.9,77.8,21.5,34.4,43.1,15.4
missouri,andrew,0,30.7,9.4,9.7,20.2,72.1,18.7,25.1,42.1,13.0
missouri,boone,0,30.4,9.6,7.9,20.6,75.3,15.0,20.9,33.1,11.9
missouri,buchanan,320,33.2,11.0,13.9,17.9,75.1,20.2,26.2,40.1,15.0
missouri,callaway,0,32.1,10.6,11.0,20.1,73.6,22.2,27.5,41.7,14.9
missouri,cass,165,30.0,9.0,8.7,20.5,73.3,16.2,23.4,35.1,11.9
missouri,cedar,140,35.6,11.5,12.9,18.6,73.4,24.7,31.2,42.0,17.5
missouri,clay,125,30.8,9.6,12.2,19.5,74.0,17.3,21.6,35.2,12.1
missouri,clinton,0,31.9,9.2,8.9,20.8,72.4,21.0,25.6,38.2,13.6
missouri,greene,212,31.6,9.5,9.3,19.4,74.3,16.7,23.4,34.5,12.8
missouri,jackson,249,34.2,10.7,11.9,20.1,74.1,15.8,21.7,38.8,12.7
missouri,jasper,0,33.6,10.7,11.2,18.6,73.0,21.1,27.1,35.8,14.8
missouri,jefferson,177,32.6,9.4,6.5,23.5,73.9,19.8,25.5,39.1,13.2
missouri,lincoln,0,33.8,9.5,10.6,20.6,72.6,18.9,25.9,41.3,13.4
missouri,monroe,0,33.1,10.6,12.2,19.9,72.3,22.4,29.9,41.4,15.3
missouri,perry,0,32.0,10.1,10.4,21.7,73.8,20.0,27.1,37.3,14.2
missouri,stoddard,96,33.4,11.3,12.5,18.6,74.0,25.5,32.1,45.2,16.8
missouri,taney,98,31.6,11.0,13.6,18.8,73.7,21.7,29.8,39.2,15.4
montana,beaverhead,346,28.0,8.0,9.3,22.6,68.5,14.9,22.8,31.3,12.3
montana,cascade,87,28.2,8.0,10.0,22.7,73.7,16.4,23.2,35.6,12.7
montana,custer,99,26.5,8.1,7.9,24.7,68.6,15.9,23.9,35.8,12.0
montana,dawson,357,27.7,7.6,8.6,23.0,66.2,17.3,22.4,35.7,12.0
montana,fergus,83,28.0,7.8,8.0,23.4,69.6,14.7,22.4,32.1,11.7
montana,flathead,191,25.9,7.0,9.5,23.6,67.1,17.0,21.4,30.2,12.6
montana,gallatin,308,24.6,6.6,7.4,24.7,66.9,12.3,15.7,23.7,10.3
montana,glacier,346,33.5,14.2,13.2,19.2,69.2,30.4,32.5,36.2,21.0
montana,hill,339,30.0,9.5,12.4,23.9,69.4,20.1,25.1,34.9,14.4
montana,lake,97,27.0,9.1,9.7,20.4,68.4,18.7,24.0,33.9,14.3
montana,lewis and clark,164,24.7,6.5,7.1,23.4,71.1,11.3,15.0,30.1,9.7
montana,lincoln,360,28.5,8.6,12.9,22.2,68.4,21.2,25.3,30.9,14.6
montana,missoula,210,24.8,7.1,8.0,26.4,70.7,13.8,17.5,29.2,11.7
montana,phillips,362,28.8,7.7,9.8,23.7,68.7,16.0,22.0,39.4,12.0
montana,powell,94,30.1,8.6,10.2,26.1,66.7,19.4,24.7,32.7,13.6
montana,ravalli,362,24.7,7.1,9.3,22.4,69.1,12.9,17.6,32.7,10.9
montana,richland,135,28.3,7.8,9.4,23.8,68.7,15.6,21.9,35.7,11.8
montana,roosevelt,85,34.8,13.0,14.0,20.3,70.5,28.5,30.3,40.6,19.4
montana,rosebud,75,33.6,10.8,12.3,21.2,67.8,23.9,29.0,39.7,16.6
montana,sanders,111,30.1,8.6,10.9,23.0,68.3,17.1,22.3,35.3,13.2
montana,sheridan,100,27.5,7.4,8.4,24.2,70.6,13.3,18.8,32.7,10.9
montana,silver bow,344,28.7,8.1,11.2,24.4,69.2,15.3,21.9,29.8,12.1
montana,teton,310,25.9,7.6,10.7,22.4,68.5,16.8,22.1,31.3,12.3
montana,yellowstone,138,24.9,8.2,8.6,23.8,72.7,17.4,21.5,34.6,12.5
nebraska,cass,0,31.0,8.3,8.4,22.4,71.7,12.9,22.2,38.1,9.7
nebraska,douglas,184,29.0,10.0,12.5,20.0,74.6,14.1,24.3,35.8,11.1
nebraska,gage,307,30.6,10.2,7.8,20.3,71.8,17.9,28.8,42.6,12.2
nebraska,hall,323,31.2,11.0,17.2,19.8,70.9,15.6,31.2,38.0,12.0
nebraska,knox,0,31.9,10.1,10.1,21.3,71.7,17.4,27.3,43.8,12.3
nebraska,lancaster,80,29.9,9.2,9.3,19.9,72.4,13.7,21.1,33.1,10.3
nebraska,sarpy,348,28.1,10.0,7.3,20.6,73.3,12.9,23.9,38.4,9.6
nebraska,scotts bluff,320,28.6,10.8,13.1,20.5,69.2,15.2,24.4,42.0,11.6
nebraska,sioux,0,31.2,11.2,11.2,19.5,70.4,19.6,30.5,40.9,13.4
nebraska,thomas,3,28.5,8.9,6.2,22.5,70.2,14.1,22.1,36.9,10.5
nebraska,washington,354,28.7,8.1,6.6,21.8,71.8,11.5,19.5,37.8,9.2
nevada,carson city,73,29.5,9.9,15.4,20.3,69.5,17.2,24.4,32.6,14.0
nevada,churchill,0,29.7,9.6,13.2,19.6,68.8,18.4,24.2,33.6,14.0
nevada,clark,102,31.4,10.3,16.0,18.3,67.7,15.7,27.0,32.8,14.0
nevada,douglas,342,26.6,7.6,11.1,22.3,71.4,12.3,18.8,30.5,11.1
nevada,elko,22,29.5,9.6,12.8,21.6,69.0,17.4,24.5,35.5,13.1
nevada,lyon,0,29.9,9.8,13.9,20.1,69.7,17.7,24.5,35.9,14.0
nevada,nye,0,30.3,10.7,14.4,20.1,69.3,20.6,27.7,32.0,15.4
nevada,washoe,83,28.7,9.6,14.5,21.4,68.7,15.4,21.0,29.8,13.4
nevada,white pine,3,30.7,10.1,11.9,21.0,68.2,19.5,27.3,33.4,14.3
new hampshire,belknap,197,25.3,8.1,9.0,19.1,70.2,15.1,20.9,30.3,11.7
new hampshire,cheshire,143,27.2,8.1,7.0,18.2,66.6,15.0,19.7,31.2,11.6
new hampshire,coos,3,28.6,9.1,8.1,19.5,72.4,17.5,22.0,35.9,12.8
new hampshire,grafton,87,25.8,7.6,7.9,18.1,71.3,12.8,17.0,28.8,10.4
new hampshire,hillsborough,42,26.0,7.7,8.5,18.4,73.6,10.3,17.6,29.8,9.7
new hampshire,merrimack,0,26.2,7.9,6.3,19.3,72.8,12.1,19.0,30.7,10.7
new hampshire,rockingham,86,24.4,7.5,7.3,21.6,72.7,12.7,17.7,31.7,10.3
new jersey,atlantic,153,31.3,10.0,12.8,17.4,76.1,13.4,25.4,33.2,11.9
new jersey,bergen,114,23.9,8.4,10.5,16.7,75.8,9.4,20.9,25.8,9.5
new jersey,camden,159,32.0,10.1,11.5,17.9,75.7,13.3,24.7,32.8,11.6
new jersey,cumberland,88,32.9,11.3,18.1,16.8,74.3,16.9,28.0,36.8,14.1
new jersey,gloucester,145,27.9,8.7,7.4,17.7,75.0,12.4,20.7,36.3,11.1
new jersey,hudson,142,27.0,10.1,15.1,18.0,73.4,10.7,25.4,30.7,11.0
new jersey,hunterdon,165,24.9,7.5,6.8,21.4,73.6,9.9,18.6,26.5,9.6
new jersey,mercer,156,28.8,8.9,9.5,16.3,77.1,10.4,22.4,30.7,10.3
new jersey,middlesex,97,27.5,9.9,10.6,14.0,76.1,9.7,21.4,26.9,9.8
new jersey,monmouth,0,26.4,7.9,7.1,22.4,71.3,12.1,18.3,29.3,9.7
new jersey,morris,63,25.7,7.3,6.6,18.9,74.3,8.9,16.7,25.9,9.1
new jersey,ocean,153,28.0,8.5,9.0,17.9,74.1,14.5,23.5,33.2,11.9
new jersey,passaic,190,28.8,10.7,18.2,16.8,73.9,14.9,30.9,31.7,13.4
new jersey,union,275,26.4,9.3,14.4,16.3,76.7,11.5,24.2,28.0,10.6
new jersey,warren,107,28.2,7.7,9.2,19.2,74.7,11.5,20.5,29.1,10.2
new mexico,bernalillo,82,29.0,9.3,14.6,17.7,65.3,13.9,19.8,28.1,12.6
new mexico,catron,67,33.4,11.2,9.5,16.3,65.0,21.9,25.7,33.0,16.2
new mexico,chaves,94,33.1,12.0,18.2,15.4,65.5,17.6,29.0,42.0,15.5
new mexico,eddy,7,30.3,11.6,13.1,17.8,64.0,17.3,28.8,39.1,14.7
new mexico,lea,68,31.7,12.7,17.8,15.9,64.2,18.1,30.1,35.5,15.9
new mexico,lincoln,98,29.0,9.8,12.7,17.1,65.8,16.3,22.4,30.5,13.6
new mexico,los alamos,96,25.2,6.4,3.8,18.5,67.0,7.8,11.9,22.4,7.7
new mexico,luna,0,34.4,14.8,21.1,15.3,64.3,20.8,34.5,38.7,18.6
new mexico,rio arriba,2,29.6,13.2,18.2,15.9,65.5,17.8,27.7,38.8,16.4
new mexico,san juan,0,30.4,12.1,11.0,14.8,64.2,24.9,27.3,38.1,18.0
new mexico,sandoval,0,26.8,10.0,9.8,18.1,65.0,16.3,22.7,31.1,13.6
new mexico,santa fe,8,22.8,8.9,11.6,14.6,66.8,11.4,17.8,23.1,11.5
new mexico,socorro,100,32.4,13.4,17.1,16.2,66.2,22.0,30.5,35.0,17.8
new mexico,taos,365,27.3,10.5,11.7,18.2,64.5,14.9,23.3,29.0,13.4
new mexico,valencia,0,30.8,11.5,10.6,17.4,64.9,15.8,25.1,35.5,13.8
new york,albany,167,29.3,8.4,6.0,21.7,78.6,12.7,21.6,33.5,9.7
new york,bronx,174,32.7,15.0,17.0,15.9,79.2,16.3,36.0,37.2,16.7
new york,chautauqua,14,30.4,9.5,8.2,19.9,77.5,17.9,27.5,34.7,13.5
new york,dutchess,0,29.1,8.4,7.7,19.3,78.9,11.8,19.9,34.3,10.3
new york,erie,200,29.3,8.9,6.0,21.3,79.1,15.6,25.5,32.7,12.0
new york,essex,32,28.1,8.4,5.6,20.8,75.9,17.7,23.3,36.0,12.1
new york,hamilton,0,26.9,9.1,5.2,21.5,76.5,18.2,25.8,37.3,13.0
new york,jefferson,0,31.5,9.9,7.6,19.2,78.6,17.9,28.9,37.4,13.0
new york,kings,366,28.1,10.9,9.5,16.7,77.5,11.7,25.5,26.9,11.8
new york,monroe,201,30.0,8.8,7.1,19.4,75.6,11.7,19.3,36.1,9.5
new york,new york,196,24.4,8.6,7.3,23.2,77.1,10.7,20.2,21.2,11.4
new york,niagara,0,30.7,8.9,6.6,21.6,78.4,14.6,23.3,34.6,12.0
new york,oneida,349,29.5,9.0,7.1,21.8,78.0,15.4,26.3,38.2,11.9
new york,onondaga,109,31.0,9.2,5.3,21.2,79.2,15.5,23.0,35.1,12.4
new york,orange,348,30.2,9.4,8.3,20.8,78.8,11.8,23.0,37.3,10.6
new york,oswego,0,28.6,9.2,6.1,21.0,76.8,17.2,25.7,38.5,12.6
new york,putnam,0,25.8,8.2,7.3,20.4,76.8,11.0,20.5,30.1,10.1
new york,queens,210,28.8,10.7,10.4,15.3,79.5,10.6,27.0,24.7,10.9
new york,richmond,162,28.7,9.7,6.2,18.2,78.1,10.6,25.4,29.4,9.8
new york,rockland,96,28.1,10.2,7.8,17.1,76.7,13.9,25.0,32.0,11.9
new york,saratoga,0,25.1,7.1,7.3,22.2,76.5,10.5,16.9,32.1,9.0
new york,steuben,93,30.1,8.8,5.9,21.0,76.2,16.5,24.1,36.6,12.3
new york,suffolk,17,27.8,8.4,7.4,19.6,76.1,10.8,22.3,29.8,10.1
new york,tompkins,0,25.8,8.4,6.0,21.3,77.8,13.3,20.7,33.0,11.0
new york,wayne,0,29.4,8.4,7.5,22.6,76.6,14.8,23.2,37.2,11.3
new york,westchester,103,25.1,8.2,8.2,17.9,76.8,9.3,19.6,26.6,9.7
north carolina,alexander,0,31.5,9.7,11.5,19.3,74.2,16.2,22.7,33.8,12.9
north carolina,avery,38,31.6,10.1,13.1,19.9,74.4,17.0,22.6,33.1,13.2
north carolina,buncombe,256,28.3,8.0,8.2,19.2,76.7,11.1,18.4,26.2,10.5
north carolina,caldwell,0,33.0,10.5,15.0,18.2,74.2,18.4,24.5,35.0,14.0
north carolina,carteret,0,28.4,9.2,11.9,19.3,75.5,13.5,20.0,31.6,11.8
north carolina,caswell,0,35.8,12.2,14.6,17.8,75.6,18.3,25.8,35.5,14.0
north carolina,catawba,350,30.7,10.1,9.8,18.6,74.8,17.0,23.3,34.1,12.9
north carolina,cumberland,218,37.5,12.2,13.5,16.8,78.6,15.7,24.5,39.6,13.0
north carolina,davidson,359,31.9,10.3,13.0,18.7,75.1,17.4,23.1,34.5,13.2
north carolina,durham,299,33.6,10.2,10.0,18.6,78.0,10.6,19.1,32.5,10.1
north carolina,edgecombe,196,39.1,14.3,14.1,14.9,78.8,18.9,28.6,40.5,14.9
north carolina,forsyth,207,32.5,10.6,12.1,17.1,77.0,14.5,22.0,31.8,11.9
north carolina,graham,0,31.1,10.4,12.2,19.6,73.9,18.7,23.7,34.0,14.3
north carolina,granville,0,35.6,11.8,12.8,17.6,75.9,16.7,23.9,37.5,13.1
north carolina,guilford,210,31.8,11.0,12.5,16.4,76.6,14.9,23.8,33.5,12.2
north carolina,haywood,21,30.9,9.2,12.3,19.0,75.2,14.3,20.7,31.5,11.9
north carolina,hyde,80,36.5,13.5,16.5,17.0,74.9,22.1,30.5,39.2,16.3
north carolina,johnston,228,33.0,11.0,12.2,17.8,76.5,15.9,24.1,36.2,12.9
north carolina,lenoir,0,38.7,13.6,16.4,15.3,77.3,19.2,28.5,40.4,15.2
north carolina,lincoln,0,30.3,9.7,12.0,19.6,74.3,16.4,23.1,33.2,12.9
north carolina,macon,0,31.0,10.0,11.5,18.5,74.2,15.7,22.8,31.3,12.9
north carolina,martin,0,36.7,13.3,15.2,16.1,77.2,19.7,28.4,38.5,15.3
north carolina,mecklenburg,237,30.3,10.6,12.1,19.2,76.0,12.9,18.9,34.1,10.9
north carolina,mitchell,341,30.2,9.5,10.4,19.8,74.0,16.4,22.6,34.1,12.9
north carolina,montgomery,203,34.7,11.4,17.8,17.3,75.6,17.1,25.5,37.5,13.7
north carolina,new hanover,232,30.0,9.1,8.4,20.6,76.0,12.5,18.2,32.4,10.6
north carolina,northampton,351,38.9,13.9,14.2,15.4,78.6,18.2,27.3,40.3,14.5
north carolina,person,0,34.3,11.9,11.0,18.2,75.3,20.1,27.3,40.5,14.7
north carolina,pitt,176,35.5,11.6,11.3,16.8,78.3,13.6,23.7,37.3,12.5
north carolina,rockingham,0,32.7,11.8,16.4,17.4,75.7,18.4,25.7,37.8,14.6
north carolina,rowan,173,33.5,11.3,13.6,17.9,75.9,16.8,24.9,33.9,13.6
north carolina,swain,219,33.8,12.0,12.6,18.3,74.5,21.3,27.0,36.8,16.1
north carolina,union,0,29.8,9.5,10.3,20.1,74.4,11.5,19.4,31.1,10.7
north carolina,wake,223,28.8,8.9,9.8,18.7,76.8,9.7,15.8,25.6,9.4
north carolina,yancey,0,31.0,9.8,11.9,19.5,74.8,15.0,22.2,32.3,12.8
north dakota,billings,89,28.5,8.4,7.4,23.1,71.8,14.1,23.1,35.9,10.1
north dakota,burke,120,27.9,7.9,6.5,24.8,71.9,14.0,22.8,35.1,9.8
north dakota,burleigh,159,28.7,8.3,6.1,24.0,72.8,13.9,20.0,39.2,9.8
north dakota,cass,189,28.8,8.4,5.6,21.4,73.0,15.3,21.7,34.1,10.2
north dakota,dunn,108,29.6,9.0,7.6,23.7,71.6,17.0,23.9,37.8,11.2
north dakota,mckenzie,97,28.3,9.9,8.7,23.3,71.8,18.3,27.8,35.5,12.3
north dakota,mercer,133,30.4,9.2,8.0,23.7,72.1,16.8,23.2,36.3,11.3
north dakota,oliver,126,29.0,8.9,5.5,24.0,71.8,17.2,24.3,40.0,11.0
north dakota,ward,150,30.7,8.9,8.1,23.7,73.1,16.6,26.8,37.4,10.7
ohio,allen,164,35.0,12.9,7.4,19.0,74.1,22.5,30.6,47.1,14.9
ohio,ashtabula,0,35.1,12.3,9.4,19.4,75.5,21.9,27.4,43.1,15.2
ohio,athens,364,34.8,11.7,7.6,19.1,77.2,17.7,23.6,38.3,14.0
ohio,belmont,250,32.6,12.2,8.8,20.0,76.0,23.2,31.2,43.0,15.1
ohio,butler,261,32.4,11.6,10.3,19.2,75.3,19.1,24.9,36.5,13.4
ohio,clark,219,34.7,12.3,8.0,18.5,76.4,21.8,29.0,41.8,15.1
ohio,clermont,126,31.8,10.7,8.6,22.0,76.2,19.2,25.6,40.1,12.8
ohio,clinton,0,32.9,12.0,7.7,19.0,76.9,22.6,29.3,41.6,14.9
ohio,columbiana,0,33.3,12.2,10.3,19.4,76.8,23.3,28.5,47.0,14.3
ohio,cuyahoga,242,32.5,11.1,7.3,19.8,78.0,17.7,22.7,37.8,12.6
ohio,delaware,0,28.8,8.9,4.5,19.7,76.5,12.3,17.7,32.2,9.9
ohio,franklin,245,31.2,11.8,8.3,18.7,76.8,14.6,23.3,36.1,12.6
ohio,geauga,0,29.0,9.9,6.4,21.9,74.3,17.8,20.7,36.3,11.9
ohio,greene,0,30.2,10.7,6.1,19.7,78.7,15.2,22.0,39.2,12.0
ohio,hamilton,234,34.0,12.9,7.8,22.2,77.7,18.4,26.5,38.6,13.9
ohio,jefferson,214,33.2,11.1,8.6,18.8,78.7,20.9,26.1,40.1,14.2
ohio,knox,0,30.8,10.2,8.4,18.4,75.5,18.5,26.2,35.8,12.6
ohio,lake,151,30.6,10.8,6.4,19.6,76.3,16.9,24.7,40.9,12.7
ohio,lawrence,205,36.6,13.0,8.2,17.5,75.9,24.4,33.5,44.9,16.7
ohio,licking,0,30.8,10.8,7.9,19.9,76.7,19.9,24.7,36.0,13.3
ohio,lorain,0,33.1,11.6,8.3,20.2,77.2,19.4,28.1,39.6,13.8
ohio,lucas,233,33.5,12.8,7.7,18.8,79.5,19.8,27.2,42.4,14.9
ohio,madison,0,33.5,11.6,8.7,19.8,75.3,22.3,26.9,41.7,14.3
ohio,mahoning,209,31.2,12.5,9.3,18.5,77.0,21.6,27.9,39.7,14.5
ohio,medina,195,28.4,10.4,6.8,22.5,76.5,16.1,22.3,36.0,11.7
ohio,miami,0,32.3,10.5,8.0,20.3,77.7,16.4,21.2,39.8,12.2
ohio,montgomery,201,34.0,12.4,8.4,18.4,78.0,19.9,29.4,41.5,14.9
ohio,noble,19,34.2,12.7,8.2,19.9,75.2,25.4,30.5,44.8,15.5
ohio,portage,0,31.8,10.6,6.8,17.7,75.7,17.5,23.2,38.5,12.5
ohio,preble,189,32.4,11.4,6.9,20.7,76.0,21.6,26.4,38.5,14.4
ohio,scioto,341,39.0,12.9,10.1,17.7,76.3,23.6,30.6,43.7,16.5
ohio,stark,250,33.8,10.8,8.3,19.1,75.5,17.0,22.7,38.3,12.3
ohio,summit,176,30.7,11.2,7.2,18.7,76.2,17.5,23.5,39.5,12.9
ohio,trumbull,223,34.6,12.8,9.3,19.7,76.2,24.2,30.3,44.6,15.8
ohio,warren,155,28.8,9.9,5.0,20.0,78.4,13.4,20.8,34.1,10.8
ohio,washington,0,33.6,12.0,6.5,18.1,76.1,21.2,27.7,44.7,14.5
ohio,wood,0,31.4,10.6,6.2,20.9,77.2,15.7,23.5,35.7,12.4
oklahoma,adair,237,40.1,15.6,14.1,14.1,72.9,25.8,37.1,43.6,19.2
oklahoma,canadian,0,31.8,10.9,9.6,15.7,73.8,13.2,24.8,42.4,12.0
oklahoma,carter,173,37.7,12.1,13.3,14.9,72.6,19.3,32.3,40.7,14.9
oklahoma,cleveland,175,33.5,11.4,11.2,16.6,74.2,14.3,26.4,36.9,12.8
oklahoma,comanche,168,40.2,12.7,12.1,13.6,76.8,18.4,31.3,43.8,14.7
oklahoma,creek,0,35.8,11.8,11.8,14.9,72.3,18.4,28.0,39.4,14.5
oklahoma,dewey,163,35.7,11.8,12.9,15.9,72.6,19.3,31.7,40.8,14.7
oklahoma,grant,98,35.7,12.2,12.5,15.8,71.8,21.5,35.7,44.8,16.3
oklahoma,jefferson,0,37.8,13.3,14.2,15.0,72.6,20.7,34.8,45.2,16.7
oklahoma,johnston,0,37.8,13.6,12.7,14.0,72.7,24.2,35.1,43.7,17.6
oklahoma,kay,356,37.2,11.9,13.2,15.1,75.1,17.8,30.1,44.0,14.5
oklahoma,mayes,0,37.6,13.1,13.3,15.0,72.9,21.9,33.8,43.1,16.6
oklahoma,mcclain,0,32.7,11.0,11.1,16.3,72.7,15.7,30.3,37.9,13.6
oklahoma,oklahoma,186,35.1,11.9,11.9,16.7,73.4,16.1,27.2,39.4,13.0
oklahoma,osage,0,37.0,12.3,11.3,16.5,72.9,18.9,30.8,40.3,14.8
oklahoma,ottawa,274,39.9,13.9,13.7,14.5,73.3,22.4,34.1,44.0,17.4
oklahoma,pittsburg,236,37.1,12.4,12.1,15.7,73.1,21.0,33.2,41.4,15.8
oklahoma,pontotoc,105,35.5,12.5,10.5,14.9,73.9,19.9,31.4,43.3,15.4
oklahoma,sequoyah,250,39.3,14.1,12.2,14.8,72.9,23.2,36.3,41.2,18.2
oklahoma,tulsa,176,33.3,11.6,13.2,13.9,72.2,16.5,28.2,37.0,13.7
oklahoma,washington,125,35.6,12.3,10.2,14.5,73.0,20.4,32.6,41.6,15.8
oregon,baker,366,29.5,9.5,6.4,21.0,68.8,16.3,20.9,34.3,13.7
oregon,clackamas,224,25.8,7.8,6.7,20.3,71.1,10.5,15.9,29.0,10.0
oregon,columbia,245,27.4,9.0,8.3,20.5,68.6,17.2,20.2,36.9,13.2
oregon,crook,366,27.9,9.3,7.4,21.9,67.6,16.9,20.7,33.0,13.1
oregon,deschutes,283,25.0,8.2,7.4,20.8,71.8,11.0,13.8,27.0,10.9
oregon,grant,366,29.6,9.3,8.2,20.5,68.5,16.4,20.7,30.9,13.8
oregon,harney,365,30.3,10.1,8.3,18.8,69.0,18.7,22.8,34.8,14.6
oregon,jackson,255,28.2,9.7,9.4,18.5,69.7,18.2,21.1,35.9,14.0
oregon,jefferson,366,28.7,10.3,9.3,20.5,68.3,17.1,21.2,34.9,13.6
oregon,josephine,366,30.0,9.9,8.2,19.3,68.9,18.5,20.6,32.8,14.3
oregon,klamath,366,30.3,10.2,9.0,19.0,69.5,17.2,23.3,38.4,14.2
oregon,lake,366,29.4,10.3,9.2,19.9,67.4,18.7,22.8,34.1,14.7
oregon,lane,287,29.3,9.2,7.0,18.9,68.6,17.0,18.9,32.5,14.1
oregon,linn,366,28.7,9.2,9.6,19.4,69.1,16.3,21.0,34.8,13.1
oregon,marion,229,31.5,11.1,11.7,18.2,68.0,16.6,24.2,39.4,15.1
oregon,multnomah,141,24.7,8.5,6.9,20.1,68.3,13.6,18.0,28.9,12.2
oregon,umatilla,244,30.8,10.8,11.8,20.1,70.0,17.0,24.5,37.8,14.5
oregon,union,365,28.6,9.5,8.3,19.6,68.6,16.8,20.9,35.6,13.5
oregon,wallowa,355,27.6,8.2,6.1,20.5,69.2,14.3,17.5,30.4,11.6
oregon,wasco,364,28.0,9.6,10.4,19.3,68.1,14.3,21.4,32.9,13.1
oregon,washington,181,25.4,8.8,6.3,19.7,67.7,9.6,16.6,29.6,9.9
pennsylvania,adams,137,29.5,8.8,7.7,19.9,76.4,17.3,23.3,37.3,12.4
pennsylvania,allegheny,201,27.6,9.4,7.0,21.2,76.3,15.4,21.0,32.0,12.1
pennsylvania,armstrong,140,28.7,9.3,7.7,20.8,74.6,21.1,25.9,37.9,13.8
pennsylvania,beaver,176,29.7,9.0,7.4,22.3,76.3,15.7,21.6,37.2,11.7
pennsylvania,berks,148,28.9,9.8,12.2,20.1,77.2,15.1,23.9,35.0,12.3
pennsylvania,blair,157,28.4,10.1,5.6,19.8,75.8,20.1,25.2,36.2,14.0
pennsylvania,bradford,157,31.7,9.3,7.1,20.2,76.5,17.1,22.3,34.9,12.8
pennsylvania,bucks,0,26.0,8.8,6.6,20.4,75.5,15.8,21.6,30.4,11.7
pennsylvania,cambria,191,29.4,9.7,8.0,20.1,76.4,19.5,26.4,37.1,13.6
pennsylvania,centre,95,27.8,9.2,7.9,20.8,76.9,18.1,23.2,34.7,12.5
pennsylvania,chester,145,25.0,7.9,6.0,20.5,75.2,11.1,17.7,29.5,9.3
pennsylvania,cumberland,358,26.7,8.8,7.0,20.7,76.8,14.6,20.8,33.0,11.1
pennsylvania,dauphin,215,30.5,10.6,7.6,18.4,77.6,17.7,25.3,34.3,13.1
pennsylvania,delaware,206,30.2,9.5,5.7,19.6,78.1,13.1,19.7,31.4,10.3
pennsylvania,elk,0,28.2,9.2,7.0,21.2,76.1,17.7,23.5,37.8,12.6
pennsylvania,erie,110,29.1,9.8,6.7,20.1,78.4,19.0,26.3,36.9,13.5
pennsylvania,fayette,109,31.3,10.3,10.6,19.5,77.7,21.4,25.6,34.8,14.5
pennsylvania,franklin,0,30.5,9.4,8.7,20.5,75.7,19.8,24.7,39.2,12.9
pennsylvania,greene,83,30.2,9.7,6.8,20.9,76.3,19.4,24.5,36.0,13.4
pennsylvania,indiana,168,30.5,9.6,7.7,20.5,77.4,18.4,23.0,40.1,12.9
pennsylvania,lackawanna,155,27.0,9.5,8.2,20.6,76.5,17.3,23.5,33.2,12.9
pennsylvania,lancaster,226,27.4,8.9,8.7,20.2,75.7,16.1,21.5,35.7,12.0
pennsylvania,lawrence,0,29.7,9.6,6.8,20.1,77.0,18.5,24.0,35.8,12.8
pennsylvania,lebanon,198,29.6,9.4,11.2,19.7,76.5,16.1,23.2,37.3,12.5
pennsylvania,lehigh,152,30.5,10.2,9.2,18.1,76.5,16.6,25.4,34.3,13.0
pennsylvania,lycoming,128,30.4,9.1,8.7,20.3,77.0,16.6,22.3,35.6,12.1
pennsylvania,mercer,110,29.4,9.2,7.7,19.6,77.0,18.7,22.4,35.7,13.2
pennsylvania,monroe,0,29.2,10.3,9.3,20.0,77.9,16.2,23.9,37.7,12.3
pennsylvania,montgomery,148,27.0,8.5,5.3,21.6,76.1,12.1,18.0,31.2,10.3
pennsylvania,northampton,170,27.9,9.2,9.6,21.7,75.4,15.4,22.4,33.7,11.7
pennsylvania,philadelphia,232,32.0,14.4,10.0,18.1,78.8,18.6,27.0,34.5,15.0
pennsylvania,somerset,0,30.5,9.3,6.7,19.7,75.5,19.7,25.6,36.6,13.3
pennsylvania,susquehanna,358,29.7,8.4,6.6,20.6,75.4,15.9,20.0,33.2,11.6
pennsylvania,tioga,107,29.8,9.6,5.9,20.9,76.3,19.1,25.6,38.8,13.6
pennsylvania,washington,141,29.5,8.9,6.5,21.7,77.0,17.9,23.0,38.2,12.5
pennsylvania,westmoreland,187,27.0,8.0,5.4,20.7,77.6,14.7,20.8,31.4,10.8
pennsylvania,wyoming,352,29.5,9.3,6.8,21.2,75.2,19.6,24.2,35.8,13.2
pennsylvania,york,144,31.0,8.8,9.3,20.1,76.1,17.0,22.5,35.3,11.9
rhode island,kent,181,30.0,8.8,6.1,19.6,83.1,13.5,20.6,32.9,11.1
rhode island,providence,288,30.3,10.7,9.6,18.2,81.5,13.6,25.4,32.4,12.6
rhode island,washington,161,26.2,7.7,4.6,21.9,81.1,11.0,15.3,25.0,10.1
south carolina,aiken,0,35.7,10.5,13.4,18.1,77.4,17.6,28.0,37.0,13.2
south carolina,anderson,0,35.0,11.0,15.4,19.2,76.8,15.7,24.6,38.5,12.3
south carolina,berkeley,0,33.9,11.0,14.2,19.1,77.8,14.6,22.8,36.6,11.1
south carolina,charleston,231,29.6,9.4,13.5,23.1,76.4,10.1,17.5,28.8,8.9
south carolina,chesterfield,226,39.6,12.6,17.3,16.3,78.8,19.2,27.5,39.8,13.6
south carolina,darlington,0,40.5,12.6,15.2,16.0,78.2,18.6,27.7,41.4,13.4
south carolina,edgefield,224,36.2,12.9,15.1,18.4,76.7,19.4,29.2,39.1,13.9
south carolina,florence,359,39.4,12.3,14.2,17.0,78.7,16.6,29.3,38.8,12.8
south carolina,greenville,222,32.3,8.9,14.4,18.5,77.0,11.1,20.1,30.0,9.5
south carolina,horry,205,32.6,10.4,14.4,19.0,76.6,17.5,23.6,34.7,12.9
south carolina,richland,263,34.9,11.9,10.7,17.0,79.8,14.9,23.1,33.9,11.8
south carolina,spartanburg,225,33.1,11.1,11.5,15.8,76.9,15.9,27.6,36.4,11.6
south carolina,york,207,33.4,9.4,13.3,18.7,74.4,15.4,23.6,31.2,11.0
south dakota,brookings,149,30.6,8.3,6.4,23.2,76.6,13.4,21.0,37.8,9.3
south dakota,brown,239,29.0,7.9,7.7,23.1,76.1,14.9,22.8,35.9,9.8
south dakota,clay,179,28.5,9.4,6.2,21.5,76.1,18.3,24.0,39.9,11.7
south dakota,codington,256,27.7,8.8,8.0,23.4,75.9,17.4,24.9,39.8,10.8
south dakota,custer,80,27.7,8.2,7.7,21.8,75.2,14.6,20.8,37.5,9.6
south dakota,hughes,363,28.0,7.4,7.0,22.2,74.1,13.3,19.5,34.8,9.1
south dakota,jackson,113,38.5,14.3,12.9,17.9,74.7,26.9,31.5,39.7,16.7
south dakota,meade,0,28.8,7.5,6.7,22.6,74.0,14.5,20.8,33.3,9.6
south dakota,minnehaha,127,27.0,7.5,7.2,21.2,75.6,11.5,20.8,33.9,9.0
south dakota,pennington,201,27.6,8.2,8.7,20.5,75.1,16.6,21.5,34.6,10.5
tennessee,anderson,0,35.4,11.5,13.0,16.4,75.1,17.3,25.1,38.3,13.7
tennessee,blount,147,33.5,10.7,13.7,16.9,74.6,18.1,24.3,33.4,13.4
tennessee,claiborne,0,35.4,12.3,12.6,16.6,74.1,24.6,30.2,41.1,16.4
tennessee,davidson,254,32.1,12.4,10.9,17.7,75.9,18.0,27.1,32.3,13.6
tennessee,dekalb,0,36.0,13.4,19.0,15.8,73.7,25.3,33.3,41.7,17.9
tennessee,dyer,347,36.9,12.8,16.7,15.4,74.5,24.7,32.0,41.3,15.9
tennessee,hamilton,227,32.1,11.6,10.9,18.2,75.9,18.2,25.8,33.3,12.3
tennessee,jefferson,0,32.2,11.2,10.3,17.3,75.0,19.6,26.4,38.8,14.1
tennessee,knox,266,31.7,11.3,9.2,16.8,74.7,17.0,22.3,37.5,12.6
tennessee,lawrence,360,35.3,12.7,15.2,16.7,75.3,21.3,28.9,41.0,15.9
tennessee,loudon,194,31.7,11.4,13.5,17.7,74.4,19.0,27.0,36.3,14.1
tennessee,madison,357,39.2,13.4,13.3,14.1,78.3,19.5,28.0,39.5,14.5
tennessee,maury,360,33.7,10.9,14.0,17.1,74.0,19.6,26.1,40.7,13.5
tennessee,mcminn,356,34.3,11.6,14.0,16.5,74.7,20.3,27.2,40.4,14.2
tennessee,montgomery,361,34.9,12.5,9.8,16.3,76.5,18.4,27.3,42.6,13.7
tennessee,putnam,361,35.9,11.3,13.0,16.6,74.7,20.4,27.5,38.4,14.8
tennessee,roane,361,32.9,11.3,11.4,17.4,74.6,19.3,27.0,39.4,14.1
tennessee,sevier,0,34.1,10.8,14.4,17.3,74.6,19.3,25.7,39.4,13.8
tennessee,shelby,268,39.7,14.8,12.1,16.3,79.1,19.4,29.4,42.6,14.1
tennessee,sullivan,154,34.1,12.0,13.2,15.4,75.6,18.1,26.6,40.7,14.1
tennessee,sumner,217,31.4,10.5,11.1,18.2,75.9,17.5,24.3,38.4,12.4
tennessee,williamson,0,28.9,8.9,8.6,18.4,76.1,10.6,17.1,28.7,9.3
tennessee,wilson,0,32.7,10.7,9.8,16.6,75.2,18.0,23.7,36.8,12.3
texas,atascosa,347,31.7,14.7,33.0,18.2,71.4,16.2,33.9,43.0,14.5
texas,bell,142,32.9,13.7,20.9,16.9,76.3,15.7,28.2,39.0,12.8
texas,bexar,221,31.4,15.4,26.4,18.1,73.3,14.1,27.6,37.3,13.6
texas,bowie,360,35.3,12.8,16.2,18.1,73.5,18.2,28.4,40.9,13.9
texas,brazoria,31,34.1,12.6,17.4,18.8,72.0,12.9,25.4,39.6,11.6
texas,brazos,353,33.8,12.6,19.3,16.8,73.5,15.0,25.6,36.9,12.9
texas,brewster,86,30.2,11.7,20.5,19.1,72.4,12.1,23.7,35.9,11.5
texas,cameron,322,34.0,19.9,39.7,15.4,71.1,17.4,41.5,47.6,18.9
texas,collin,0,29.7,9.6,12.2,17.2,76.0,8.8,17.4,28.6,8.9
texas,culberson,94,34.6,16.5,33.1,17.5,70.8,17.2,37.0,43.1,16.2
texas,dallas,237,33.0,13.2,23.2,17.2,72.7,13.5,28.3,34.8,12.1
texas,denton,105,29.5,10.1,12.6,18.6,73.7,10.5,20.1,30.7,9.6
texas,ector,356,32.4,14.4,31.4,18.3,70.7,15.7,32.6,40.3,14.4
texas,el paso,98,33.5,16.0,31.5,18.4,71.3,14.4,31.0,39.3,14.7
texas,ellis,0,32.0,11.3,18.8,18.5,72.6,14.4,25.9,37.6,12.1
texas,galveston,136,31.1,11.6,17.8,19.0,71.4,13.5,23.8,39.8,11.6
texas,gregg,0,35.3,13.1,20.8,17.7,73.5,17.9,27.8,39.9,13.9
texas,harris,235,32.7,14.5,29.0,16.1,71.8,15.8,29.2,35.2,14.1
texas,harrison,252,34.5,12.7,20.6,18.7,73.7,17.2,27.3,39.9,13.3
texas,hidalgo,339,34.3,19.2,38.5,15.8,70.3,17.1,39.3,47.6,19.1
texas,hood,0,29.0,9.3,15.3,22.1,73.3,12.6,22.0,33.5,10.5
texas,hunt,0,33.3,11.9,17.8,19.2,72.2,17.7,28.3,41.8,13.4
texas,jefferson,263,36.9,15.5,20.9,18.8,73.3,18.8,34.3,38.1,14.5
texas,johnson,0,31.2,12.1,21.0,20.2,71.9,17.7,31.1,41.6,13.7
texas,karnes,0,35.6,15.0,29.7,18.4,70.8,17.0,32.9,40.5,15.0
texas,kaufman,149,32.1,12.4,19.1,19.0,73.0,16.6,29.7,37.5,13.3
texas,kleberg,349,34.2,16.2,33.6,16.8,72.6,15.0,33.4,41.5,15.1
texas,lubbock,358,32.5,12.5,21.5,18.7,72.9,16.1,27.6,36.3,13.3
texas,maverick,341,34.4,19.8,48.4,16.2,70.4,18.2,42.1,45.2,18.9
texas,mclennan,273,33.2,13.5,17.8,17.8,71.8,18.4,28.2,39.0,14.3
texas,montgomery,262,29.7,11.0,17.6,19.1,72.1,16.2,26.5,35.4,12.8
texas,navarro,153,35.3,13.9,23.6,18.1,72.6,17.9,30.5,42.3,14.7
texas,nueces,266,33.1,15.5,29.7,20.7,70.5,16.7,34.4,44.0,15.4
texas,orange,236,32.4,11.8,15.7,19.7,72.2,18.4,28.4,41.6,13.5
texas,parker,0,30.0,10.0,19.4,21.9,70.5,13.5,23.1,36.8,11.1
texas,polk,0,34.6,14.2,20.6,18.2,72.7,19.5,30.6,40.4,14.7
texas,potter,336,35.8,15.3,25.8,17.1,71.7,20.4,34.9,38.6,16.6
texas,randall,0,30.7,10.4,17.3,20.0,70.7,14.4,23.0,33.9,11.7
texas,rockwall,0,30.2,9.8,12.1,20.8,73.9,11.9,20.4,34.9,10.4
texas,smith,0,34.5,12.4,17.5,18.8,73.1,17.4,27.4,39.7,13.5
texas,tarrant,220,32.5,12.4,18.9,16.9,72.6,14.6,25.8,37.7,12.2
texas,travis,235,27.6,11.6,17.8,21.3,70.3,12.1,21.5,29.4,10.9
texas,victoria,0,32.9,13.6,30.3,18.1,71.4,16.9,31.1,39.1,14.6
texas,webb,170,32.1,16.3,44.8,16.8,71.4,12.0,33.3,41.5,14.2
texas,wilson,0,30.5,12.5,22.5,19.7,70.4,15.7,28.5,42.1,13.1
utah,box elder,90,29.5,9.1,10.2,12.7,70.5,10.3,19.3,32.0,12.3
utah,cache,122,28.7,9.5,9.2,11.4,69.8,10.6,19.9,35.0,13.8
utah,carbon,13,29.7,10.9,12.3,12.1,69.5,13.9,23.3,35.0,15.1
utah,davis,61,26.6,9.2,8.6,13.2,72.4,7.8,17.8,30.2,11.8
utah,duchesne,83,29.0,10.2,10.9,13.2,67.9,12.1,22.3,33.0,14.3
utah,garfield,102,28.5,9.9,8.9,13.6,68.4,10.7,19.5,36.3,13.1
utah,grand,139,29.2,10.3,9.7,13.8,69.6,11.4,20.0,30.9,13.6
utah,iron,40,30.9,9.7,10.8,12.3,70.9,9.7,17.4,33.3,12.5
utah,salt lake,105,26.6,9.4,10.2,15.5,68.9,8.5,19.7,32.8,11.8
utah,san juan,2,33.1,13.5,12.6,12.6,69.2,14.8,23.3,37.3,17.1
utah,tooele,78,29.4,9.9,10.3,14.9,69.3,10.2,19.2,39.0,12.2
utah,uintah,29,31.7,10.3,12.2,13.5,67.1,12.9,22.2,34.5,14.1
utah,utah,107,25.6,8.6,9.4,9.4,68.8,5.9,13.9,30.7,10.0
utah,wasatch,31,24.1,7.7,8.6,13.8,69.4,6.8,13.5,25.8,9.4
utah,washington,7,27.5,8.6,10.3,11.5,71.2,8.5,16.0,29.1,11.7
utah,wayne,100,28.8,9.6,9.4,14.1,69.0,11.7,20.4,33.2,13.6
utah,weber,67,29.0,9.9,11.9,14.6,71.5,8.1,19.3,34.4,11.9
vermont,bennington,61,26.4,7.1,7.1,21.0,72.1,13.6,18.6,28.3,11.2
vermont,chittenden,95,23.4,6.6,5.7,20.9,71.3,12.4,16.4,24.5,11.1
vermont,rutland,172,27.6,6.8,6.9,17.9,73.4,14.5,18.6,30.7,11.1
vermont,windham,101,25.7,6.4,6.6,20.8,68.8,14.0,17.1,26.0,10.7
virginia,albemarle,210,28.1,9.3,5.3,19.0,78.3,11.4,17.3,31.7,10.2
virginia,arlington,43,26.7,9.7,6.2,21.5,76.1,9.6,17.0,25.9,9.8
virginia,caroline,0,33.2,12.4,8.4,19.0,77.6,16.4,23.9,41.6,13.6
virginia,carroll,0,32.2,11.1,9.0,18.7,74.9,21.8,27.0,38.9,15.4
virginia,chesterfield,238,33.1,10.9,7.5,17.8,79.2,11.7,19.7,37.7,10.9
virginia,fairfax,149,28.1,10.9,7.8,17.7,78.0,11.5,19.6,32.2,10.5
virginia,fauquier,0,29.0,9.7,7.4,19.7,76.1,12.8,17.2,33.4,11.0
virginia,frederick,217,32.0,11.0,9.7,19.7,76.2,15.5,22.6,37.6,12.8
virginia,giles,0,31.6,10.8,6.7,19.9,76.2,18.4,24.0,36.9,13.7
virginia,hanover,0,27.8,10.4,5.4,21.4,77.6,14.7,20.8,38.1,11.5
virginia,henrico,167,33.9,11.3,7.3,19.3,79.0,12.3,19.9,35.1,11.2
virginia,loudoun,170,25.9,9.7,6.2,17.6,76.4,8.8,16.0,28.6,9.0
virginia,madison,37,33.5,10.7,8.7,19.7,77.4,15.4,21.8,37.0,12.8
virginia,prince edward,0,37.8,13.7,8.4,17.7,77.8,19.5,27.9,43.0,14.5
virginia,prince william,0,31.1,11.5,9.7,17.5,78.2,11.6,20.4,33.1,11.1
virginia,roanoke,186,35.8,13.4,8.7,16.9,78.0,18.8,26.8,36.4,14.8
virginia,rockbridge,40,31.1,10.6,7.5,19.0,76.1,19.3,23.3,31.8,13.7
virginia,rockingham,188,32.1,10.1,9.0,19.1,75.0,15.7,22.5,34.9,12.6
virginia,stafford,0,31.8,11.0,8.5,19.9,78.8,12.1,19.7,37.0,10.8
virginia,wythe,0,34.6,10.7,7.4,20.1,77.5,15.3,21.9,38.4,13.1
washington,adams,351,31.2,12.3,22.1,15.4,65.0,14.3,26.8,38.3,16.2
washington,asotin,361,29.7,9.1,7.7,20.2,68.3,15.6,19.2,34.8,13.8
washington,benton,198,27.4,9.3,10.4,19.3,69.4,12.0,20.8,40.0,12.6
washington,chelan,366,27.0,9.1,10.5,19.6,67.0,12.2,17.7,28.8,12.6
washington,clallam,169,29.1,8.3,7.9,19.0,66.8,12.7,17.9,34.5,12.7
washington,clark,221,26.9,8.7,7.8,18.1,66.1,10.6,14.9,32.6,10.6
washington,columbia,68,28.3,8.5,8.1,19.2,67.4,14.2,20.1,38.3,13.1
washington,cowlitz,366,28.8,9.6,8.4,17.6,64.3,15.0,21.2,39.0,14.0
washington,franklin,347,28.6,11.8,19.0,17.6,67.4,14.7,25.5,39.7,16.0
washington,garfield,348,30.2,9.2,7.1,19.6,67.2,13.6,21.1,36.6,12.3
washington,grant,366,31.3,11.0,18.7,15.8,66.2,13.8,26.6,42.0,14.8
washington,grays harbor,366,32.1,9.8,9.7,19.7,67.0,14.8,22.2,36.5,13.9
washington,jefferson,311,26.8,7.6,7.1,19.0,65.1,10.9,14.7,26.1,11.3
washington,king,236,25.4,7.3,5.3,18.5,69.0,7.2,13.3,22.8,9.1
washington,kitsap,351,27.7,7.9,6.8,19.5,69.0,9.2,15.4,31.4,10.2
washington,kittitas,366,28.5,8.5,7.7,18.9,67.4,12.3,19.3,31.0,12.7
washington,klickitat,89,27.3,9.4,8.2,18.5,64.0,14.3,20.8,32.5,13.6
washington,lewis,360,30.5,9.5,10.1,18.8,64.3,16.2,20.2,40.6,14.5
washington,mason,366,29.0,9.1,8.8,20.4,64.6,14.4,19.7,37.7,13.7
washington,okanogan,366,30.1,10.9,12.5,19.4,64.4,16.6,23.9,38.6,15.5
washington,pacific,330,30.9,9.9,9.5,19.0,66.6,14.9,20.5,36.5,14.1
washington,pierce,172,29.0,9.2,8.1,18.3,66.6,12.9,18.2,35.8,12.8
washington,skagit,286,27.6,8.4,9.4,19.0,66.1,11.8,17.9,36.8,12.1
washington,snohomish,366,25.9,9.4,6.9,15.5,68.6,10.7,17.4,32.9,11.2
washington,spokane,238,28.3,9.2,8.3,18.5,68.8,14.1,20.4,34.0,13.2
washington,stevens,322,28.1,9.0,9.2,20.1,67.2,14.7,17.9,32.2,13.8
washington,thurston,221,28.7,9.0,6.9,17.0,67.1,10.8,15.6,33.6,11.7
washington,walla walla,222,26.6,9.6,8.4,19.6,68.6,13.0,18.0,32.7,13.3
washington,whatcom,288,28.5,8.8,7.8,20.4,66.4,11.2,15.6,28.2,12.3
washington,whitman,366,30.3,10.9,6.8,18.4,67.0,14.7,20.7,31.2,14.5
washington,yakima,364,30.7,12.0,17.3,17.3,68.3,15.6,29.1,42.0,15.7
west virginia,berkeley,65,37.1,12.2,7.9,16.8,79.0,16.5,25.6,40.3,13.3
west virginia,brooke,366,35.5,12.3,5.8,18.5,78.4,20.8,28.5,39.8,15.3
west virginia,cabell,220,37.3,13.4,8.1,16.3,77.7,22.1,31.7,41.8,17.4
west virginia,greenbrier,0,35.0,13.1,6.8,16.4,79.5,21.6,30.1,42.8,16.3
west virginia,hancock,187,35.5,12.6,6.9,17.2,78.3,21.4,30.2,45.1,16.0
west virginia,harrison,113,36.5,12.6,4.9,15.9,79.4,20.0,28.9,40.4,15.3
west virginia,kanawha,188,36.4,12.6,8.3,18.2,80.5,20.8,29.4,40.3,15.2
west virginia,marion,111,35.7,12.8,7.2,17.2,78.0,19.3,27.5,39.8,15.1
west virginia,marshall,359,36.2,12.2,9.0,18.1,78.0,21.0,28.1,42.3,15.7
west virginia,monongalia,66,35.3,12.1,7.8,17.8,80.5,17.2,24.2,36.7,14.5
west virginia,ohio,81,34.3,11.0,6.0,18.1,78.9,16.8,24.6,38.1,13.4
west virginia,tucker,12,34.0,11.3,7.7,17.7,78.6,18.6,26.6,37.9,14.5
west virginia,wood,73,36.1,12.1,9.0,18.3,78.0,21.0,29.5,38.1,16.2
wisconsin,ashland,98,30.8,10.5,7.4,22.0,72.5,20.9,23.5,38.0,14.3
wisconsin,brown,209,26.5,8.9,7.2,22.2,76.1,16.5,21.9,36.6,11.4
wisconsin,columbia,0,28.1,8.6,6.6,24.5,73.2,16.5,22.2,38.7,11.2
wisconsin,dane,216,25.4,8.2,5.5,23.6,70.0,12.0,17.7,31.6,9.7
wisconsin,dodge,115,26.9,9.7,7.2,23.5,72.0,19.5,25.1,40.5,13.0
wisconsin,door,0,27.3,8.6,7.1,23.1,72.7,18.1,21.4,37.2,12.0
wisconsin,eau claire,184,27.6,8.6,5.7,22.8,73.9,15.8,22.2,35.8,11.8
wisconsin,fond du lac,0,27.0,9.0,7.2,23.4,72.2,18.0,23.0,41.7,12.2
wisconsin,forest,95,30.3,10.1,10.3,23.2,73.7,19.9,25.9,42.3,13.8
wisconsin,grant,366,29.2,9.8,8.9,22.6,72.1,18.8,24.2,40.5,13.2
wisconsin,jackson,277,30.1,9.5,10.1,24.0,71.9,18.7,23.9,44.5,12.5
wisconsin,jefferson,0,27.7,8.3,5.5,23.7,72.8,14.5,19.7,39.6,10.9
wisconsin,kenosha,149,28.0,10.2,7.9,23.6,72.8,19.3,23.8,43.2,13.2
wisconsin,kewaunee,0,26.8,8.4,6.5,25.0,72.7,17.0,21.3,39.6,11.2
wisconsin,la crosse,0,27.3,8.6,5.7,21.3,74.7,14.5,18.2,34.6,10.8
wisconsin,manitowoc,0,28.1,8.7,8.4,24.2,75.3,16.8,20.5,43.5,11.7
wisconsin,marathon,200,28.1,8.3,7.0,24.1,74.9,14.5,20.3,35.9,11.1
wisconsin,milwaukee,199,33.2,11.1,9.5,21.2,77.9,17.1,23.3,39.4,12.5
wisconsin,monroe,288,27.7,9.2,8.1,24.3,72.4,17.0,22.6,38.7,11.8
wisconsin,outagamie,209,27.0,8.8,6.4,23.3,74.7,16.6,21.2,39.5,11.5
wisconsin,ozaukee,176,25.8,7.4,5.7,25.0,74.2,12.5,16.9,34.0,9.9
wisconsin,racine,0,28.1,10.2,9.2,23.3,75.0,18.5,24.5,40.0,12.5
wisconsin,rock,0,28.8,9.1,10.0,22.1,73.2,17.8,24.0,38.1,12.0
wisconsin,sauk,198,28.3,9.2,6.6,25.3,72.8,18.7,21.9,39.6,12.9
wisconsin,sheboygan,0,27.3,8.5,6.3,24.8,74.5,14.2,18.7,40.5,11.0
wisconsin,taylor,0,29.3,9.4,7.8,24.4,72.8,20.0,24.4,40.7,12.7
wisconsin,vilas,0,28.6,9.0,6.5,23.5,72.9,18.1,21.1,35.1,12.4
wisconsin,walworth,0,26.5,8.3,7.8,23.8,72.3,14.7,19.4,33.3,10.7
wisconsin,waukesha,201,25.5,7.4,6.7,23.8,73.5,12.5,17.5,32.0,9.6
wyoming,albany,2,26.3,9.4,8.6,20.9,67.3,15.5,21.4,35.0,12.0
wyoming,big horn,0,28.3,8.9,13.4,19.1,65.8,16.3,21.7,34.7,11.9
wyoming,campbell,24,28.0,8.7,12.0,20.4,65.9,18.5,24.4,35.0,12.3
wyoming,carbon,0,27.8,9.9,15.9,18.3,65.7,17.4,25.8,36.2,12.7
wyoming,converse,0,28.2,9.4,13.1,20.3,66.1,18.6,25.1,37.0,12.7
wyoming,fremont,85,29.4,9.8,11.5,18.4,64.0,18.6,23.1,37.9,12.8
wyoming,johnson,0,29.0,8.7,10.2,20.3,66.6,13.8,20.7,31.2,11.1
wyoming,laramie,31,26.6,8.5,13.0,17.1,70.3,17.7,23.6,34.3,11.6
wyoming,lincoln,6,26.4,8.3,13.0,19.2,64.3,14.6,19.7,31.6,11.4
wyoming,natrona,18,27.1,9.4,11.6,20.5,67.1,18.0,27.1,37.8,12.6
wyoming,park,355,25.9,7.7,10.4,19.2,68.5,15.0,21.1,33.2,11.0
wyoming,platte,0,28.4,9.3,13.5,18.8,64.8,18.1,25.9,32.4,13.0
wyoming,sheridan,106,26.1,7.9,9.0,18.7,66.1,15.1,19.8,31.6,10.7
wyoming,sublette,10,25.0,8.1,9.8,21.1,67.3,14.2,19.5,29.9,10.6
wyoming,sweetwater,9,28.7,9.4,12.3,19.9,66.6,17.9,22.4,36.3,12.3
wyoming,teton,28,24.1,7.1,11.3,21.7,68.3,11.3,15.4,22.2,9.0
wyoming,uinta,0,27.9,9.0,12.6,20.3,66.8,18.2,25.5,35.5,12.4
wyoming,washakie,329,27.1,9.4,13.4,18.7,65.3,18.5,24.8,39.1,12.8
wyoming,weston,0,27.9,9.6,13.1,19.5,65.8,18.4,24.1,35.0,12.3
